1,0.120,1389796551,user_group-1,0.114678,,{'get_tweets': 0.11280703544616699}
2,0.164,1389796551,user_group-1,0.052108,,{'get_tweets': 0.0518338680267334}
3,0.249,1389796551,user_group-1,0.128011,,{'get_tweets': 0.12775611877441406}
4,0.301,1389796551,user_group-1,0.136476,,{'get_tweets': 0.13622593879699707}
5,0.344,1389796551,user_group-1,0.131073,,{'get_tweets': 0.13073301315307617}
6,0.393,1389796552,user_group-1,0.144024,,{'get_tweets': 0.14378118515014648}
7,0.437,1389796552,user_group-1,0.135507,,{'get_tweets': 0.1352379322052002}
8,0.485,1389796552,user_group-1,0.170531,,{'get_tweets': 0.17027997970581055}
9,0.529,1389796552,user_group-1,0.184062,,{'get_tweets': 0.1838381290435791}
10,0.582,1389796552,user_group-1,0.188686,,{'get_tweets': 0.188431978225708}
11,0.636,1389796552,user_group-1,0.220618,,{'get_tweets': 0.22031784057617188}
12,0.687,1389796552,user_group-1,0.250204,,{'get_tweets': 0.24998092651367188}
13,0.730,1389796552,user_group-1,0.244524,,{'get_tweets': 0.24419808387756348}
14,0.777,1389796552,user_group-1,0.260947,,{'get_tweets': 0.26070308685302734}
15,0.821,1389796552,user_group-1,0.292332,,{'get_tweets': 0.29210615158081055}
16,0.911,1389796552,user_group-1,0.328811,,{'get_tweets': 0.32857704162597656}
17,0.956,1389796552,user_group-1,0.338206,,{'get_tweets': 0.33785295486450195}
18,1.007,1389796552,user_group-1,0.371428,,{'get_tweets': 0.37118005752563477}
19,1.066,1389796552,user_group-1,0.378521,,{'get_tweets': 0.378201961517334}
20,1.106,1389796552,user_group-1,0.387896,,{'get_tweets': 0.3876621723175049}
21,1.157,1389796552,user_group-1,0.427601,,{'get_tweets': 0.4273698329925537}
22,1.211,1389796552,user_group-1,0.434272,,{'get_tweets': 0.43404293060302734}
23,1.260,1389796552,user_group-1,0.440013,,{'get_tweets': 0.43975400924682617}
24,1.324,1389796552,user_group-1,0.502495,,{'get_tweets': 0.502269983291626}
25,1.366,1389796552,user_group-1,0.455427,,{'get_tweets': 0.4551980495452881}
26,1.416,1389796553,user_group-1,0.492432,,{'get_tweets': 0.4922020435333252}
27,1.459,1389796553,user_group-1,0.503456,,{'get_tweets': 0.5031208992004395}
28,1.499,1389796553,user_group-1,0.491997,,{'get_tweets': 0.4917759895324707}
29,1.558,1389796553,user_group-1,0.533979,,{'get_tweets': 0.5336999893188477}
30,1.599,1389796553,user_group-1,0.533470,,{'get_tweets': 0.5332431793212891}
31,1.666,1389796553,user_group-1,0.559777,,{'get_tweets': 0.5595529079437256}
32,1.708,1389796553,user_group-1,0.582647,,{'get_tweets': 0.5824069976806641}
33,1.752,1389796553,user_group-1,0.594681,,{'get_tweets': 0.5944540500640869}
34,1.815,1389796553,user_group-1,0.603681,,{'get_tweets': 0.6034557819366455}
35,1.859,1389796553,user_group-1,0.632047,,{'get_tweets': 0.6317558288574219}
36,1.911,1389796553,user_group-1,0.650541,,{'get_tweets': 0.6502909660339355}
37,1.954,1389796553,user_group-1,0.630607,,{'get_tweets': 0.6303801536560059}
38,1.996,1389796553,user_group-1,0.668031,,{'get_tweets': 0.667809009552002}
39,2.071,1389796553,user_group-1,0.704465,,{'get_tweets': 0.7042388916015625}
40,2.122,1389796553,user_group-1,0.705624,,{'get_tweets': 0.7053821086883545}
41,2.170,1389796553,user_group-1,0.742071,,{'get_tweets': 0.7418291568756104}
42,2.227,1389796553,user_group-1,0.767146,,{'get_tweets': 0.7669219970703125}
43,2.270,1389796553,user_group-1,0.770969,,{'get_tweets': 0.7707488536834717}
44,2.319,1389796553,user_group-1,0.788949,,{'get_tweets': 0.7887139320373535}
45,2.361,1389796553,user_group-1,0.802106,,{'get_tweets': 0.8018639087677002}
46,2.402,1389796554,user_group-1,0.802539,,{'get_tweets': 0.8023099899291992}
47,2.458,1389796554,user_group-1,0.826620,,{'get_tweets': 0.8263399600982666}
48,2.500,1389796554,user_group-1,0.833468,,{'get_tweets': 0.8332419395446777}
49,2.551,1389796554,user_group-1,0.842548,,{'get_tweets': 0.8423190116882324}
50,2.557,1389796554,user_group-1,0.825687,,{'get_tweets': 0.8254709243774414}
51,2.598,1389796554,user_group-1,0.845651,,{'get_tweets': 0.8454270362854004}
52,2.640,1389796554,user_group-1,0.824851,,{'get_tweets': 0.8246321678161621}
53,2.693,1389796554,user_group-1,0.860419,,{'get_tweets': 0.8601861000061035}
54,2.736,1389796554,user_group-1,0.876690,,{'get_tweets': 0.8764522075653076}
55,2.777,1389796554,user_group-1,0.866756,,{'get_tweets': 0.8665108680725098}
56,2.825,1389796554,user_group-1,0.891524,,{'get_tweets': 0.8912899494171143}
57,2.871,1389796554,user_group-1,0.916385,,{'get_tweets': 0.9161648750305176}
58,2.918,1389796554,user_group-1,0.922406,,{'get_tweets': 0.9221839904785156}
59,2.964,1389796554,user_group-1,0.929385,,{'get_tweets': 0.9291501045227051}
60,3.005,1389796554,user_group-1,0.934109,,{'get_tweets': 0.9338669776916504}
61,3.055,1389796554,user_group-1,0.932861,,{'get_tweets': 0.9326348304748535}
62,3.106,1389796554,user_group-1,0.969631,,{'get_tweets': 0.9694080352783203}
63,3.149,1389796554,user_group-1,0.978649,,{'get_tweets': 0.9784071445465088}
64,3.199,1389796554,user_group-1,0.972633,,{'get_tweets': 0.9724071025848389}
65,3.242,1389796554,user_group-1,1.005255,,{'get_tweets': 1.0050270557403564}
66,3.292,1389796554,user_group-1,1.021566,,{'get_tweets': 1.0213291645050049}
67,3.337,1389796554,user_group-1,1.017963,,{'get_tweets': 1.0177440643310547}
68,3.379,1389796555,user_group-1,1.040320,,{'get_tweets': 1.0400760173797607}
69,3.428,1389796555,user_group-1,1.067311,,{'get_tweets': 1.067080020904541}
70,3.473,1389796555,user_group-1,1.070429,,{'get_tweets': 1.0702040195465088}
71,3.512,1389796555,user_group-1,1.072156,,{'get_tweets': 1.071932077407837}
72,3.565,1389796555,user_group-1,1.107012,,{'get_tweets': 1.1067869663238525}
73,3.605,1389796555,user_group-1,1.105042,,{'get_tweets': 1.1048099994659424}
74,3.648,1389796555,user_group-1,1.106912,,{'get_tweets': 1.106673002243042}
75,3.694,1389796555,user_group-1,1.142847,,{'get_tweets': 1.1426129341125488}
76,3.734,1389796555,user_group-1,1.176784,,{'get_tweets': 1.1765649318695068}
77,3.779,1389796555,user_group-1,1.180899,,{'get_tweets': 1.1806769371032715}
78,3.828,1389796555,user_group-1,1.187266,,{'get_tweets': 1.1870429515838623}
79,3.871,1389796555,user_group-1,1.228951,,{'get_tweets': 1.2287230491638184}
80,3.912,1389796555,user_group-1,1.219386,,{'get_tweets': 1.2191598415374756}
81,3.961,1389796555,user_group-1,1.225388,,{'get_tweets': 1.225160837173462}
82,4.002,1389796555,user_group-1,1.257844,,{'get_tweets': 1.2576148509979248}
83,4.051,1389796555,user_group-1,1.272975,,{'get_tweets': 1.2727389335632324}
84,4.105,1389796555,user_group-1,1.280186,,{'get_tweets': 1.279951810836792}
85,4.147,1389796555,user_group-1,1.302554,,{'get_tweets': 1.302325963973999}
86,4.199,1389796555,user_group-1,1.327647,,{'get_tweets': 1.3274080753326416}
87,4.241,1389796555,user_group-1,1.322895,,{'get_tweets': 1.3226709365844727}
88,4.284,1389796555,user_group-1,1.337905,,{'get_tweets': 1.3376829624176025}
89,4.330,1389796555,user_group-1,1.366073,,{'get_tweets': 1.3658530712127686}
90,4.373,1389796556,user_group-1,1.367635,,{'get_tweets': 1.3673667907714844}
91,4.423,1389796556,user_group-1,1.375913,,{'get_tweets': 1.375669002532959}
92,4.469,1389796556,user_group-1,1.414378,,{'get_tweets': 1.4141411781311035}
93,4.510,1389796556,user_group-1,1.404708,,{'get_tweets': 1.4044749736785889}
94,4.557,1389796556,user_group-1,1.410141,,{'get_tweets': 1.4099161624908447}
95,4.605,1389796556,user_group-1,1.456119,,{'get_tweets': 1.4558651447296143}
96,4.612,1389796556,user_group-1,1.412483,,{'get_tweets': 1.4122679233551025}
97,4.655,1389796556,user_group-1,1.412731,,{'get_tweets': 1.4125089645385742}
98,4.706,1389796556,user_group-1,1.457908,,{'get_tweets': 1.457669973373413}
99,4.747,1389796556,user_group-1,1.455178,,{'get_tweets': 1.4549388885498047}
100,4.789,1389796556,user_group-1,1.451619,,{'get_tweets': 1.451390027999878}
101,4.796,1389796556,user_group-1,1.446741,,{'get_tweets': 1.4464991092681885}
102,4.844,1389796556,user_group-1,1.465166,,{'get_tweets': 1.4649479389190674}
103,4.887,1389796556,user_group-1,1.458383,,{'get_tweets': 1.4581520557403564}
104,4.927,1389796556,user_group-1,1.476531,,{'get_tweets': 1.4762961864471436}
105,4.975,1389796556,user_group-1,1.502595,,{'get_tweets': 1.5023701190948486}
106,5.017,1389796556,user_group-1,1.504193,,{'get_tweets': 1.5039680004119873}
107,5.066,1389796556,user_group-1,1.513990,,{'get_tweets': 1.5137319564819336}
108,5.121,1389796556,user_group-1,1.556308,,{'get_tweets': 1.556082010269165}
109,5.165,1389796556,user_group-1,1.560213,,{'get_tweets': 1.559981107711792}
110,5.215,1389796556,user_group-1,1.566629,,{'get_tweets': 1.5664100646972656}
111,5.258,1389796556,user_group-1,1.604458,,{'get_tweets': 1.6042239665985107}
112,5.299,1389796556,user_group-1,1.605016,,{'get_tweets': 1.6047899723052979}
113,5.347,1389796556,user_group-1,1.612159,,{'get_tweets': 1.611940860748291}
114,5.390,1389796557,user_group-1,1.635331,,{'get_tweets': 1.6350648403167725}
115,5.437,1389796557,user_group-1,1.657653,,{'get_tweets': 1.6574220657348633}
116,5.483,1389796557,user_group-1,1.655230,,{'get_tweets': 1.6550071239471436}
117,5.524,1389796557,user_group-1,1.667868,,{'get_tweets': 1.66764497756958}
118,5.579,1389796557,user_group-1,1.707617,,{'get_tweets': 1.7073919773101807}
119,5.621,1389796557,user_group-1,1.708005,,{'get_tweets': 1.707772970199585}
120,5.662,1389796557,user_group-1,1.705314,,{'get_tweets': 1.7050929069519043}
121,5.713,1389796557,user_group-1,1.752005,,{'get_tweets': 1.751727819442749}
122,5.754,1389796557,user_group-1,1.752529,,{'get_tweets': 1.7523047924041748}
123,5.797,1389796557,user_group-1,1.746416,,{'get_tweets': 1.7461779117584229}
124,5.848,1389796557,user_group-1,1.790122,,{'get_tweets': 1.7898850440979004}
125,5.891,1389796557,user_group-1,1.785986,,{'get_tweets': 1.785762071609497}
126,5.944,1389796557,user_group-1,1.796991,,{'get_tweets': 1.7967641353607178}
127,5.988,1389796557,user_group-1,1.829422,,{'get_tweets': 1.829176902770996}
128,6.029,1389796557,user_group-1,1.830290,,{'get_tweets': 1.8300659656524658}
129,6.083,1389796557,user_group-1,1.841745,,{'get_tweets': 1.8414828777313232}
130,6.144,1389796557,user_group-1,1.884253,,{'get_tweets': 1.8840289115905762}
131,6.194,1389796557,user_group-1,1.910312,,{'get_tweets': 1.9100868701934814}
132,6.238,1389796557,user_group-1,1.907982,,{'get_tweets': 1.9077539443969727}
133,6.279,1389796557,user_group-1,1.918530,,{'get_tweets': 1.9182970523834229}
134,6.336,1389796557,user_group-1,1.962907,,{'get_tweets': 1.9626820087432861}
135,6.378,1389796558,user_group-1,1.955653,,{'get_tweets': 1.95542311668396}
136,6.423,1389796558,user_group-1,1.960618,,{'get_tweets': 1.9603149890899658}
137,6.475,1389796558,user_group-1,2.005332,,{'get_tweets': 2.005103826522827}
138,6.518,1389796558,user_group-1,2.007314,,{'get_tweets': 2.007091999053955}
139,6.565,1389796558,user_group-1,2.007658,,{'get_tweets': 2.007391929626465}
140,6.613,1389796558,user_group-1,2.049387,,{'get_tweets': 2.049067974090576}
141,6.654,1389796558,user_group-1,2.048701,,{'get_tweets': 2.0484821796417236}
142,6.711,1389796558,user_group-1,2.099430,,{'get_tweets': 2.0992019176483154}
143,6.752,1389796558,user_group-1,2.097408,,{'get_tweets': 2.0971810817718506}
144,6.798,1389796558,user_group-1,2.133563,,{'get_tweets': 2.133329153060913}
145,6.849,1389796558,user_group-1,2.143664,,{'get_tweets': 2.1433939933776855}
146,6.892,1389796558,user_group-1,2.144484,,{'get_tweets': 2.144258975982666}
147,6.939,1389796558,user_group-1,2.173676,,{'get_tweets': 2.173452138900757}
148,6.985,1389796558,user_group-1,2.196711,,{'get_tweets': 2.1964778900146484}
149,7.028,1389796558,user_group-1,2.232428,,{'get_tweets': 2.232193946838379}
150,7.081,1389796558,user_group-1,2.236065,,{'get_tweets': 2.2358438968658447}
151,7.132,1389796558,user_group-1,2.265640,,{'get_tweets': 2.2654049396514893}
152,7.138,1389796558,user_group-1,2.251623,,{'get_tweets': 2.2513880729675293}
153,7.180,1389796558,user_group-1,2.253114,,{'get_tweets': 2.252890110015869}
154,7.232,1389796558,user_group-1,2.265257,,{'get_tweets': 2.2650249004364014}
155,7.275,1389796558,user_group-1,2.299564,,{'get_tweets': 2.2993290424346924}
156,7.325,1389796558,user_group-1,2.308501,,{'get_tweets': 2.3082809448242188}
157,7.370,1389796559,user_group-1,2.303802,,{'get_tweets': 2.303579807281494}
158,7.413,1389796559,user_group-1,2.345324,,{'get_tweets': 2.345076084136963}
159,7.465,1389796559,user_group-1,2.343133,,{'get_tweets': 2.342909097671509}
160,7.507,1389796559,user_group-1,2.341470,,{'get_tweets': 2.3412058353424072}
161,7.513,1389796559,user_group-1,2.344803,,{'get_tweets': 2.3445069789886475}
162,7.556,1389796559,user_group-1,2.340951,,{'get_tweets': 2.3407299518585205}
163,7.605,1389796559,user_group-1,2.347591,,{'get_tweets': 2.347371816635132}
164,7.646,1389796559,user_group-1,2.376456,,{'get_tweets': 2.3762269020080566}
165,7.692,1389796559,user_group-1,2.392579,,{'get_tweets': 2.3923439979553223}
166,7.738,1389796559,user_group-1,2.390761,,{'get_tweets': 2.390516996383667}
167,7.744,1389796559,user_group-1,2.372595,,{'get_tweets': 2.372370958328247}
168,7.784,1389796559,user_group-1,2.393710,,{'get_tweets': 2.393479108810425}
169,7.835,1389796559,user_group-1,2.398325,,{'get_tweets': 2.398077964782715}
170,7.877,1389796559,user_group-1,2.404781,,{'get_tweets': 2.4044811725616455}
171,7.920,1389796559,user_group-1,2.437398,,{'get_tweets': 2.4371578693389893}
172,7.973,1389796559,user_group-1,2.449101,,{'get_tweets': 2.4488699436187744}
173,8.015,1389796559,user_group-1,2.441461,,{'get_tweets': 2.4412190914154053}
174,8.056,1389796559,user_group-1,2.476406,,{'get_tweets': 2.476177930831909}
175,8.104,1389796559,user_group-1,2.483576,,{'get_tweets': 2.483346939086914}
176,8.155,1389796559,user_group-1,2.492603,,{'get_tweets': 2.492366075515747}
177,8.205,1389796559,user_group-1,2.529865,,{'get_tweets': 2.529623031616211}
178,8.247,1389796559,user_group-1,2.533124,,{'get_tweets': 2.5328619480133057}
179,8.289,1389796559,user_group-1,2.534441,,{'get_tweets': 2.534219980239868}
180,8.342,1389796559,user_group-1,2.565758,,{'get_tweets': 2.56551194190979}
181,8.385,1389796560,user_group-1,2.587463,,{'get_tweets': 2.5872271060943604}
182,8.427,1389796560,user_group-1,2.579612,,{'get_tweets': 2.5793890953063965}
183,8.477,1389796560,user_group-1,2.599564,,{'get_tweets': 2.5992579460144043}
184,8.521,1389796560,user_group-1,2.629702,,{'get_tweets': 2.62947678565979}
185,8.568,1389796560,user_group-1,2.624044,,{'get_tweets': 2.6238160133361816}
186,8.614,1389796560,user_group-1,2.635172,,{'get_tweets': 2.634943962097168}
187,8.655,1389796560,user_group-1,2.666699,,{'get_tweets': 2.666472911834717}
188,8.709,1389796560,user_group-1,2.679730,,{'get_tweets': 2.6794509887695312}
189,8.752,1389796560,user_group-1,2.671783,,{'get_tweets': 2.671555995941162}
190,8.793,1389796560,user_group-1,2.709480,,{'get_tweets': 2.709260940551758}
191,8.842,1389796560,user_group-1,2.697660,,{'get_tweets': 2.6974310874938965}
192,8.883,1389796560,user_group-1,2.701792,,{'get_tweets': 2.7015531063079834}
193,8.927,1389796560,user_group-1,2.732216,,{'get_tweets': 2.7319860458374023}
194,8.977,1389796560,user_group-1,2.738192,,{'get_tweets': 2.737963914871216}
195,9.017,1389796560,user_group-1,2.737523,,{'get_tweets': 2.737300157546997}
196,9.058,1389796560,user_group-1,2.774709,,{'get_tweets': 2.7744619846343994}
197,9.106,1389796560,user_group-1,2.769589,,{'get_tweets': 2.76936411857605}
198,9.156,1389796560,user_group-1,2.777850,,{'get_tweets': 2.7776291370391846}
199,9.204,1389796560,user_group-1,2.820718,,{'get_tweets': 2.8204760551452637}
200,9.250,1389796560,user_group-1,2.826786,,{'get_tweets': 2.826565980911255}
201,9.292,1389796560,user_group-1,2.816608,,{'get_tweets': 2.8163821697235107}
202,9.348,1389796560,user_group-1,2.863971,,{'get_tweets': 2.863744020462036}
203,9.389,1389796561,user_group-1,2.871437,,{'get_tweets': 2.8712069988250732}
204,9.433,1389796561,user_group-1,2.867636,,{'get_tweets': 2.8673949241638184}
205,9.484,1389796561,user_group-1,2.898560,,{'get_tweets': 2.898313045501709}
206,9.528,1389796561,user_group-1,2.914810,,{'get_tweets': 2.914579153060913}
207,9.569,1389796561,user_group-1,2.914390,,{'get_tweets': 2.9141530990600586}
208,9.617,1389796561,user_group-1,2.930677,,{'get_tweets': 2.9304349422454834}
209,9.661,1389796561,user_group-1,2.949198,,{'get_tweets': 2.94897198677063}
210,9.714,1389796561,user_group-1,2.961558,,{'get_tweets': 2.9613308906555176}
211,9.759,1389796561,user_group-1,2.971026,,{'get_tweets': 2.9707891941070557}
212,9.800,1389796561,user_group-1,3.001889,,{'get_tweets': 3.0016660690307617}
213,9.851,1389796561,user_group-1,3.001541,,{'get_tweets': 3.0013010501861572}
214,9.893,1389796561,user_group-1,3.004364,,{'get_tweets': 3.0041449069976807}
215,9.936,1389796561,user_group-1,3.044100,,{'get_tweets': 3.0438730716705322}
216,9.989,1389796561,user_group-1,3.049417,,{'get_tweets': 3.0491840839385986}
217,10.032,1389796561,user_group-1,3.046260,,{'get_tweets': 3.0460338592529297}
218,10.080,1389796561,user_group-1,3.090663,,{'get_tweets': 3.09041690826416}
219,10.124,1389796561,user_group-1,3.095346,,{'get_tweets': 3.095115900039673}
220,10.175,1389796561,user_group-1,3.094148,,{'get_tweets': 3.0939249992370605}
221,10.226,1389796561,user_group-1,3.135444,,{'get_tweets': 3.1352200508117676}
222,10.268,1389796561,user_group-1,3.136238,,{'get_tweets': 3.1360180377960205}
223,10.311,1389796561,user_group-1,3.172343,,{'get_tweets': 3.1721179485321045}
224,10.358,1389796561,user_group-1,3.177732,,{'get_tweets': 3.17750883102417}
225,10.401,1389796562,user_group-1,3.209390,,{'get_tweets': 3.209066152572632}
226,10.443,1389796562,user_group-1,3.210162,,{'get_tweets': 3.209934949874878}
227,10.490,1389796562,user_group-1,3.214546,,{'get_tweets': 3.214296817779541}
228,10.531,1389796562,user_group-1,3.238142,,{'get_tweets': 3.237917900085449}
229,10.578,1389796562,user_group-1,3.252769,,{'get_tweets': 3.252487897872925}
230,10.623,1389796562,user_group-1,3.252708,,{'get_tweets': 3.252480983734131}
231,10.665,1389796562,user_group-1,3.270971,,{'get_tweets': 3.270740032196045}
232,10.715,1389796562,user_group-1,3.301535,,{'get_tweets': 3.301313877105713}
233,10.758,1389796562,user_group-1,3.293467,,{'get_tweets': 3.293242931365967}
234,10.800,1389796562,user_group-1,3.305203,,{'get_tweets': 3.304962158203125}
235,10.852,1389796562,user_group-1,3.344731,,{'get_tweets': 3.344487190246582}
236,10.894,1389796562,user_group-1,3.380166,,{'get_tweets': 3.379913091659546}
237,10.934,1389796562,user_group-1,3.377906,,{'get_tweets': 3.3776800632476807}
238,10.984,1389796562,user_group-1,3.387258,,{'get_tweets': 3.3870201110839844}
239,11.026,1389796562,user_group-1,3.420215,,{'get_tweets': 3.419990062713623}
240,11.071,1389796562,user_group-1,3.425120,,{'get_tweets': 3.424901008605957}
241,11.117,1389796562,user_group-1,3.425168,,{'get_tweets': 3.4249448776245117}
242,11.167,1389796562,user_group-1,3.469485,,{'get_tweets': 3.469233989715576}
243,11.216,1389796562,user_group-1,3.478654,,{'get_tweets': 3.478433132171631}
244,11.261,1389796562,user_group-1,3.516798,,{'get_tweets': 3.516576051712036}
245,11.302,1389796562,user_group-1,3.517589,,{'get_tweets': 3.517359972000122}
246,11.353,1389796562,user_group-1,3.553937,,{'get_tweets': 3.553694009780884}
247,11.395,1389796563,user_group-1,3.559682,,{'get_tweets': 3.559451103210449}
248,11.437,1389796563,user_group-1,3.559634,,{'get_tweets': 3.5593669414520264}
249,11.476,1389796563,user_group-1,3.575281,,{'get_tweets': 3.575042963027954}
250,11.520,1389796563,user_group-1,3.598892,,{'get_tweets': 3.5986640453338623}
251,11.561,1389796563,user_group-1,3.587471,,{'get_tweets': 3.5872139930725098}
252,11.610,1389796563,user_group-1,3.608032,,{'get_tweets': 3.607800006866455}
253,11.651,1389796563,user_group-1,3.635563,,{'get_tweets': 3.6353402137756348}
254,11.692,1389796563,user_group-1,3.636443,,{'get_tweets': 3.6362218856811523}
255,11.743,1389796563,user_group-1,3.640144,,{'get_tweets': 3.6398861408233643}
256,11.784,1389796563,user_group-1,3.679341,,{'get_tweets': 3.6791138648986816}
257,11.826,1389796563,user_group-1,3.670574,,{'get_tweets': 3.6703531742095947}
258,11.879,1389796563,user_group-1,3.673638,,{'get_tweets': 3.673369884490967}
259,11.920,1389796563,user_group-1,3.715971,,{'get_tweets': 3.715730905532837}
260,11.965,1389796563,user_group-1,3.718190,,{'get_tweets': 3.7179579734802246}
261,12.010,1389796563,user_group-1,3.721378,,{'get_tweets': 3.721153974533081}
262,12.053,1389796563,user_group-1,3.747417,,{'get_tweets': 3.7471439838409424}
263,12.105,1389796563,user_group-1,3.762358,,{'get_tweets': 3.7621240615844727}
264,12.146,1389796563,user_group-1,3.761031,,{'get_tweets': 3.7608070373535156}
265,12.195,1389796563,user_group-1,3.787920,,{'get_tweets': 3.787706136703491}
266,12.249,1389796563,user_group-1,3.821624,,{'get_tweets': 3.8213939666748047}
267,12.291,1389796563,user_group-1,3.814017,,{'get_tweets': 3.813760995864868}
268,12.353,1389796563,user_group-1,3.845724,,{'get_tweets': 3.845496892929077}
269,12.395,1389796564,user_group-1,3.874326,,{'get_tweets': 3.874091148376465}
270,12.437,1389796564,user_group-1,3.868841,,{'get_tweets': 3.8685998916625977}
271,12.489,1389796564,user_group-1,3.879896,,{'get_tweets': 3.8796541690826416}
272,12.531,1389796564,user_group-1,3.917472,,{'get_tweets': 3.9172379970550537}
273,12.573,1389796564,user_group-1,3.917588,,{'get_tweets': 3.9173619747161865}
274,12.622,1389796564,user_group-1,3.913120,,{'get_tweets': 3.9128780364990234}
275,12.664,1389796564,user_group-1,3.952942,,{'get_tweets': 3.9524989128112793}
276,12.706,1389796564,user_group-1,3.953782,,{'get_tweets': 3.953552007675171}
277,12.753,1389796564,user_group-1,3.960475,,{'get_tweets': 3.9602458477020264}
278,12.795,1389796564,user_group-1,3.982019,,{'get_tweets': 3.9817187786102295}
279,12.840,1389796564,user_group-1,3.997317,,{'get_tweets': 3.99708890914917}
280,12.890,1389796564,user_group-1,4.006770,,{'get_tweets': 4.006548881530762}
281,12.932,1389796564,user_group-1,4.018497,,{'get_tweets': 4.018271207809448}
282,12.981,1389796564,user_group-1,4.054697,,{'get_tweets': 4.054466962814331}
283,13.024,1389796564,user_group-1,4.047245,,{'get_tweets': 4.047019004821777}
284,13.066,1389796564,user_group-1,4.051902,,{'get_tweets': 4.051679849624634}
285,13.118,1389796564,user_group-1,4.101216,,{'get_tweets': 4.1009910106658936}
286,13.160,1389796564,user_group-1,4.101986,,{'get_tweets': 4.101760149002075}
287,13.209,1389796564,user_group-1,4.103356,,{'get_tweets': 4.103126049041748}
288,13.256,1389796564,user_group-1,4.141195,,{'get_tweets': 4.140955924987793}
289,13.299,1389796564,user_group-1,4.142763,,{'get_tweets': 4.142528057098389}
290,13.347,1389796564,user_group-1,4.142743,,{'get_tweets': 4.142518043518066}
291,13.391,1389796565,user_group-1,4.174309,,{'get_tweets': 4.174087047576904}
292,13.433,1389796565,user_group-1,4.183071,,{'get_tweets': 4.182845115661621}
293,13.481,1389796565,user_group-1,4.189149,,{'get_tweets': 4.188924074172974}
294,13.525,1389796565,user_group-1,4.207591,,{'get_tweets': 4.207366943359375}
295,13.567,1389796565,user_group-1,4.218650,,{'get_tweets': 4.218426942825317}
296,13.614,1389796565,user_group-1,4.224306,,{'get_tweets': 4.224075078964233}
297,13.656,1389796565,user_group-1,4.237684,,{'get_tweets': 4.237449884414673}
298,13.697,1389796565,user_group-1,4.264055,,{'get_tweets': 4.263827085494995}
299,13.745,1389796565,user_group-1,4.261210,,{'get_tweets': 4.260979890823364}
300,13.787,1389796565,user_group-1,4.267865,,{'get_tweets': 4.267637014389038}
301,13.829,1389796565,user_group-1,4.301763,,{'get_tweets': 4.3015429973602295}
302,13.881,1389796565,user_group-1,4.311983,,{'get_tweets': 4.311745882034302}
303,13.923,1389796565,user_group-1,4.305931,,{'get_tweets': 4.305697917938232}
304,13.969,1389796565,user_group-1,4.347983,,{'get_tweets': 4.347753047943115}
305,14.015,1389796565,user_group-1,4.354010,,{'get_tweets': 4.353785991668701}
306,14.057,1389796565,user_group-1,4.342808,,{'get_tweets': 4.342577934265137}
307,14.104,1389796565,user_group-1,4.383094,,{'get_tweets': 4.3828699588775635}
308,14.150,1389796565,user_group-1,4.391087,,{'get_tweets': 4.390858888626099}
309,14.192,1389796565,user_group-1,4.392041,,{'get_tweets': 4.391800165176392}
310,14.248,1389796565,user_group-1,4.425763,,{'get_tweets': 4.425442934036255}
311,14.290,1389796565,user_group-1,4.438464,,{'get_tweets': 4.438237905502319}
312,14.332,1389796565,user_group-1,4.438190,,{'get_tweets': 4.43792986869812}
313,14.381,1389796566,user_group-1,4.457464,,{'get_tweets': 4.457228899002075}
314,14.423,1389796566,user_group-1,4.486694,,{'get_tweets': 4.486469030380249}
315,14.468,1389796566,user_group-1,4.478976,,{'get_tweets': 4.478754043579102}
316,14.513,1389796566,user_group-1,4.489210,,{'get_tweets': 4.48897910118103}
317,14.554,1389796566,user_group-1,4.521920,,{'get_tweets': 4.5216920375823975}
318,14.599,1389796566,user_group-1,4.518433,,{'get_tweets': 4.518191814422607}
319,14.645,1389796566,user_group-1,4.520720,,{'get_tweets': 4.520493030548096}
320,14.686,1389796566,user_group-1,4.511361,,{'get_tweets': 4.511141061782837}
321,14.733,1389796566,user_group-1,4.507223,,{'get_tweets': 4.506994962692261}
322,14.778,1389796566,user_group-1,4.509698,,{'get_tweets': 4.5094687938690186}
323,14.819,1389796566,user_group-1,4.508121,,{'get_tweets': 4.507894992828369}
324,14.873,1389796566,user_group-1,4.514819,,{'get_tweets': 4.514585971832275}
325,14.914,1389796566,user_group-1,4.513162,,{'get_tweets': 4.512943983078003}
326,14.956,1389796566,user_group-1,4.512862,,{'get_tweets': 4.5126330852508545}
327,15.004,1389796566,user_group-1,4.514601,,{'get_tweets': 4.514381170272827}
328,15.046,1389796566,user_group-1,4.515001,,{'get_tweets': 4.514518976211548}
329,15.089,1389796566,user_group-1,4.510826,,{'get_tweets': 4.510593891143799}
330,15.137,1389796566,user_group-1,4.514003,,{'get_tweets': 4.513767957687378}
331,15.180,1389796566,user_group-1,4.514585,,{'get_tweets': 4.514358043670654}
332,15.236,1389796566,user_group-1,4.520906,,{'get_tweets': 4.520673990249634}
333,15.280,1389796566,user_group-1,4.521901,,{'get_tweets': 4.521672964096069}
334,15.322,1389796566,user_group-1,4.521131,,{'get_tweets': 4.520900011062622}
335,15.371,1389796567,user_group-1,4.519433,,{'get_tweets': 4.519211053848267}
336,15.416,1389796567,user_group-1,4.522305,,{'get_tweets': 4.522077798843384}
337,15.454,1389796567,user_group-1,4.520330,,{'get_tweets': 4.520111083984375}
338,15.505,1389796567,user_group-1,4.521227,,{'get_tweets': 4.521009922027588}
339,15.546,1389796567,user_group-1,4.519798,,{'get_tweets': 4.5195770263671875}
340,15.552,1389796567,user_group-1,4.480323,,{'get_tweets': 4.480102062225342}
341,15.600,1389796567,user_group-1,4.482956,,{'get_tweets': 4.482720851898193}
342,15.647,1389796567,user_group-1,4.479190,,{'get_tweets': 4.478959083557129}
343,15.690,1389796567,user_group-1,4.473446,,{'get_tweets': 4.473223924636841}
344,15.740,1389796567,user_group-1,4.478751,,{'get_tweets': 4.478517055511475}
345,15.781,1389796567,user_group-1,4.478988,,{'get_tweets': 4.478758096694946}
346,15.821,1389796567,user_group-1,4.467659,,{'get_tweets': 4.467429876327515}
347,15.875,1389796567,user_group-1,4.479844,,{'get_tweets': 4.479613780975342}
348,15.917,1389796567,user_group-1,4.479709,,{'get_tweets': 4.479485034942627}
349,15.958,1389796567,user_group-1,4.481129,,{'get_tweets': 4.480873107910156}
350,16.008,1389796567,user_group-1,4.488048,,{'get_tweets': 4.487826108932495}
351,16.050,1389796567,user_group-1,4.488713,,{'get_tweets': 4.488494873046875}
352,16.092,1389796567,user_group-1,4.482645,,{'get_tweets': 4.482422113418579}
353,16.139,1389796567,user_group-1,4.488306,,{'get_tweets': 4.488085031509399}
354,16.181,1389796567,user_group-1,4.488463,,{'get_tweets': 4.488234996795654}
355,16.237,1389796567,user_group-1,4.493896,,{'get_tweets': 4.493673086166382}
356,16.282,1389796567,user_group-1,4.497766,,{'get_tweets': 4.497533082962036}
357,16.323,1389796567,user_group-1,4.496834,,{'get_tweets': 4.496603012084961}
358,16.374,1389796568,user_group-1,4.494902,,{'get_tweets': 4.494674921035767}
359,16.414,1389796568,user_group-1,4.494215,,{'get_tweets': 4.4939939975738525}
360,16.457,1389796568,user_group-1,4.491976,,{'get_tweets': 4.491747140884399}
361,16.510,1389796568,user_group-1,4.499382,,{'get_tweets': 4.499156951904297}
362,16.552,1389796568,user_group-1,4.498846,,{'get_tweets': 4.498610973358154}
363,16.593,1389796568,user_group-1,4.488615,,{'get_tweets': 4.488386154174805}
364,16.641,1389796568,user_group-1,4.495217,,{'get_tweets': 4.494991064071655}
365,16.683,1389796568,user_group-1,4.488137,,{'get_tweets': 4.487911939620972}
366,16.730,1389796568,user_group-1,4.480632,,{'get_tweets': 4.4803690910339355}
367,16.773,1389796568,user_group-1,4.481788,,{'get_tweets': 4.481566905975342}
368,16.815,1389796568,user_group-1,4.461514,,{'get_tweets': 4.461284875869751}
369,16.865,1389796568,user_group-1,4.469527,,{'get_tweets': 4.469295024871826}
370,16.907,1389796568,user_group-1,4.469790,,{'get_tweets': 4.4695188999176025}
371,16.947,1389796568,user_group-1,4.458494,,{'get_tweets': 4.4582679271698}
372,16.997,1389796568,user_group-1,4.465476,,{'get_tweets': 4.465224981307983}
373,17.039,1389796568,user_group-1,4.466048,,{'get_tweets': 4.465825080871582}
374,17.080,1389796568,user_group-1,4.457437,,{'get_tweets': 4.457195043563843}
375,17.131,1389796568,user_group-1,4.466752,,{'get_tweets': 4.466518878936768}
376,17.172,1389796568,user_group-1,4.466127,,{'get_tweets': 4.465901851654053}
377,17.214,1389796568,user_group-1,4.460866,,{'get_tweets': 4.460632085800171}
378,17.274,1389796568,user_group-1,4.478887,,{'get_tweets': 4.478656053543091}
379,17.316,1389796568,user_group-1,4.475967,,{'get_tweets': 4.475741863250732}
380,17.365,1389796568,user_group-1,4.474135,,{'get_tweets': 4.473904848098755}
381,17.408,1389796569,user_group-1,4.476134,,{'get_tweets': 4.475908041000366}
382,17.449,1389796569,user_group-1,4.467574,,{'get_tweets': 4.467344045639038}
383,17.498,1389796569,user_group-1,4.473600,,{'get_tweets': 4.473366975784302}
384,17.539,1389796569,user_group-1,4.472315,,{'get_tweets': 4.472088813781738}
385,17.581,1389796569,user_group-1,4.462050,,{'get_tweets': 4.461811065673828}
386,17.630,1389796569,user_group-1,4.470140,,{'get_tweets': 4.469913959503174}
387,17.672,1389796569,user_group-1,4.462303,,{'get_tweets': 4.462040901184082}
388,17.713,1389796569,user_group-1,4.456842,,{'get_tweets': 4.456604957580566}
389,17.761,1389796569,user_group-1,4.461455,,{'get_tweets': 4.461211919784546}
390,17.803,1389796569,user_group-1,4.456185,,{'get_tweets': 4.455950975418091}
391,17.846,1389796569,user_group-1,4.455266,,{'get_tweets': 4.455037832260132}
392,17.897,1389796569,user_group-1,4.463842,,{'get_tweets': 4.463616847991943}
393,17.939,1389796569,user_group-1,4.458133,,{'get_tweets': 4.457904815673828}
394,17.946,1389796569,user_group-1,4.420905,,{'get_tweets': 4.420680999755859}
395,17.995,1389796569,user_group-1,4.427801,,{'get_tweets': 4.427577972412109}
396,18.038,1389796569,user_group-1,4.423883,,{'get_tweets': 4.423645973205566}
397,18.081,1389796569,user_group-1,4.425088,,{'get_tweets': 4.424839973449707}
398,18.131,1389796569,user_group-1,4.434036,,{'get_tweets': 4.433809995651245}
399,18.173,1389796569,user_group-1,4.427098,,{'get_tweets': 4.426831007003784}
400,18.213,1389796569,user_group-1,4.426200,,{'get_tweets': 4.425973892211914}
401,18.267,1389796569,user_group-1,4.437672,,{'get_tweets': 4.437446117401123}
402,18.309,1389796569,user_group-1,4.428358,,{'get_tweets': 4.42812705039978}
403,18.356,1389796569,user_group-1,4.433046,,{'get_tweets': 4.432801008224487}
404,18.402,1389796570,user_group-1,4.433226,,{'get_tweets': 4.433000087738037}
405,18.443,1389796570,user_group-1,4.427848,,{'get_tweets': 4.427610158920288}
406,18.492,1389796570,user_group-1,4.434560,,{'get_tweets': 4.434341907501221}
407,18.533,1389796570,user_group-1,4.428807,,{'get_tweets': 4.428573846817017}
408,18.575,1389796570,user_group-1,4.424882,,{'get_tweets': 4.424659967422485}
409,18.628,1389796570,user_group-1,4.435545,,{'get_tweets': 4.435313940048218}
410,18.669,1389796570,user_group-1,4.420966,,{'get_tweets': 4.420742988586426}
411,18.712,1389796570,user_group-1,4.421679,,{'get_tweets': 4.421436071395874}
412,18.759,1389796570,user_group-1,4.427555,,{'get_tweets': 4.427322864532471}
413,18.800,1389796570,user_group-1,4.419691,,{'get_tweets': 4.4194581508636475}
414,18.844,1389796570,user_group-1,4.420905,,{'get_tweets': 4.420683860778809}
415,18.891,1389796570,user_group-1,4.423355,,{'get_tweets': 4.423130989074707}
416,18.933,1389796570,user_group-1,4.419793,,{'get_tweets': 4.419555902481079}
417,18.982,1389796570,user_group-1,4.428131,,{'get_tweets': 4.427893877029419}
418,19.027,1389796570,user_group-1,4.428341,,{'get_tweets': 4.428117036819458}
419,19.070,1389796570,user_group-1,4.424623,,{'get_tweets': 4.4243669509887695}
420,19.116,1389796570,user_group-1,4.430042,,{'get_tweets': 4.429821014404297}
421,19.158,1389796570,user_group-1,4.424544,,{'get_tweets': 4.424297094345093}
422,19.199,1389796570,user_group-1,4.421102,,{'get_tweets': 4.420862913131714}
423,19.266,1389796570,user_group-1,4.447176,,{'get_tweets': 4.446923017501831}
424,19.302,1389796570,user_group-1,4.428341,,{'get_tweets': 4.428114175796509}
425,19.308,1389796570,user_group-1,4.393678,,{'get_tweets': 4.393445014953613}
426,19.356,1389796570,user_group-1,4.399885,,{'get_tweets': 4.3996570110321045}
427,19.400,1389796571,user_group-1,4.395509,,{'get_tweets': 4.3952648639678955}
428,19.441,1389796571,user_group-1,4.395535,,{'get_tweets': 4.395304918289185}
429,19.491,1389796571,user_group-1,4.401294,,{'get_tweets': 4.401065826416016}
430,19.530,1389796571,user_group-1,4.393469,,{'get_tweets': 4.3932318687438965}
431,19.571,1389796571,user_group-1,4.391633,,{'get_tweets': 4.391403913497925}
432,19.620,1389796571,user_group-1,4.383549,,{'get_tweets': 4.383320093154907}
433,19.661,1389796571,user_group-1,4.380420,,{'get_tweets': 4.380191087722778}
434,19.702,1389796571,user_group-1,4.380375,,{'get_tweets': 4.38014817237854}
435,19.750,1389796571,user_group-1,4.378116,,{'get_tweets': 4.377887010574341}
436,19.790,1389796571,user_group-1,4.373979,,{'get_tweets': 4.373469114303589}
437,19.832,1389796571,user_group-1,4.377548,,{'get_tweets': 4.3773298263549805}
438,19.882,1389796571,user_group-1,4.376579,,{'get_tweets': 4.376312017440796}
439,19.923,1389796571,user_group-1,4.376846,,{'get_tweets': 4.376615047454834}
440,19.965,1389796571,user_group-1,4.412999,,{'get_tweets': 4.412762880325317}
441,20.013,1389796571,user_group-1,4.412828,,{'get_tweets': 4.412604093551636}
442,20.055,1389796571,user_group-1,4.407949,,{'get_tweets': 4.407710075378418}
443,20.107,1389796571,user_group-1,4.416588,,{'get_tweets': 4.416355133056641}
444,20.151,1389796571,user_group-1,4.411401,,{'get_tweets': 4.411164999008179}
445,20.193,1389796571,user_group-1,4.412029,,{'get_tweets': 4.411801099777222}
446,20.234,1389796571,user_group-1,4.412583,,{'get_tweets': 4.412315130233765}
447,20.289,1389796571,user_group-1,4.414208,,{'get_tweets': 4.413978099822998}
448,20.331,1389796571,user_group-1,4.414357,,{'get_tweets': 4.414124011993408}
449,20.382,1389796572,user_group-1,4.424535,,{'get_tweets': 4.424305200576782}
450,20.424,1389796572,user_group-1,4.416240,,{'get_tweets': 4.4160120487213135}
451,20.465,1389796572,user_group-1,4.414928,,{'get_tweets': 4.4146888256073}
452,20.515,1389796572,user_group-1,4.422270,,{'get_tweets': 4.422029972076416}
453,20.557,1389796572,user_group-1,4.417625,,{'get_tweets': 4.417397975921631}
454,20.599,1389796572,user_group-1,4.418047,,{'get_tweets': 4.4178149700164795}
455,20.649,1389796572,user_group-1,4.411693,,{'get_tweets': 4.411434173583984}
456,20.691,1389796572,user_group-1,4.408789,,{'get_tweets': 4.4085588455200195}
457,20.739,1389796572,user_group-1,4.416277,,{'get_tweets': 4.416033983230591}
458,20.784,1389796572,user_group-1,4.410702,,{'get_tweets': 4.410475015640259}
459,20.826,1389796572,user_group-1,4.411855,,{'get_tweets': 4.411607980728149}
460,20.881,1389796572,user_group-1,4.423295,,{'get_tweets': 4.423036098480225}
461,20.922,1389796572,user_group-1,4.412029,,{'get_tweets': 4.411791086196899}
462,20.963,1389796572,user_group-1,4.411622,,{'get_tweets': 4.411383867263794}
463,21.011,1389796572,user_group-1,4.417829,,{'get_tweets': 4.417567014694214}
464,21.053,1389796572,user_group-1,4.411841,,{'get_tweets': 4.411571025848389}
465,21.098,1389796572,user_group-1,4.414665,,{'get_tweets': 4.414433002471924}
466,21.148,1389796572,user_group-1,4.418251,,{'get_tweets': 4.418015003204346}
467,21.191,1389796572,user_group-1,4.417258,,{'get_tweets': 4.4170310497283936}
468,21.238,1389796572,user_group-1,4.422626,,{'get_tweets': 4.422366142272949}
469,21.292,1389796572,user_group-1,4.427216,,{'get_tweets': 4.4269859790802}
470,21.334,1389796572,user_group-1,4.426902,,{'get_tweets': 4.426653146743774}
471,21.386,1389796573,user_group-1,4.438797,,{'get_tweets': 4.438565015792847}
472,21.428,1389796573,user_group-1,4.431010,,{'get_tweets': 4.4307861328125}
473,21.471,1389796573,user_group-1,4.431287,,{'get_tweets': 4.431061029434204}
474,21.521,1389796573,user_group-1,4.440759,,{'get_tweets': 4.440532922744751}
475,21.562,1389796573,user_group-1,4.431019,,{'get_tweets': 4.430788993835449}
476,21.609,1389796573,user_group-1,4.437221,,{'get_tweets': 4.436993837356567}
477,21.655,1389796573,user_group-1,4.439972,,{'get_tweets': 4.439722061157227}
478,21.696,1389796573,user_group-1,4.421977,,{'get_tweets': 4.421746015548706}
479,21.741,1389796573,user_group-1,4.425064,,{'get_tweets': 4.424833059310913}
480,21.786,1389796573,user_group-1,4.421306,,{'get_tweets': 4.421061992645264}
481,21.827,1389796573,user_group-1,4.418587,,{'get_tweets': 4.418363094329834}
482,21.879,1389796573,user_group-1,4.430160,,{'get_tweets': 4.429931163787842}
483,21.922,1389796573,user_group-1,4.424323,,{'get_tweets': 4.4240899085998535}
484,21.962,1389796573,user_group-1,4.423209,,{'get_tweets': 4.4229819774627686}
485,22.011,1389796573,user_group-1,4.429961,,{'get_tweets': 4.429731130599976}
486,22.054,1389796573,user_group-1,4.423723,,{'get_tweets': 4.4234938621521}
487,22.096,1389796573,user_group-1,4.424076,,{'get_tweets': 4.423841953277588}
488,22.147,1389796573,user_group-1,4.433391,,{'get_tweets': 4.433125972747803}
489,22.189,1389796573,user_group-1,4.428056,,{'get_tweets': 4.4278130531311035}
490,22.234,1389796573,user_group-1,4.431369,,{'get_tweets': 4.43114709854126}
491,22.291,1389796573,user_group-1,4.444856,,{'get_tweets': 4.444624900817871}
492,22.333,1389796573,user_group-1,4.435549,,{'get_tweets': 4.4353249073028564}
493,22.384,1389796574,user_group-1,4.444137,,{'get_tweets': 4.44391393661499}
494,22.390,1389796574,user_group-1,4.444400,,{'get_tweets': 4.444172143936157}
495,22.433,1389796574,user_group-1,4.438032,,{'get_tweets': 4.437808036804199}
496,22.475,1389796574,user_group-1,4.436703,,{'get_tweets': 4.436469078063965}
497,22.524,1389796574,user_group-1,4.443120,,{'get_tweets': 4.442886114120483}
498,22.566,1389796574,user_group-1,4.434374,,{'get_tweets': 4.434146881103516}
499,22.614,1389796574,user_group-1,4.441189,,{'get_tweets': 4.440963983535767}
500,22.657,1389796574,user_group-1,4.443916,,{'get_tweets': 4.44369101524353}
501,22.699,1389796574,user_group-1,4.431467,,{'get_tweets': 4.431236028671265}
502,22.749,1389796574,user_group-1,4.439217,,{'get_tweets': 4.43898606300354}
503,22.793,1389796574,user_group-1,4.436427,,{'get_tweets': 4.436192035675049}
504,22.835,1389796574,user_group-1,4.433177,,{'get_tweets': 4.43294882774353}
505,22.889,1389796574,user_group-1,4.445739,,{'get_tweets': 4.4455060958862305}
506,22.931,1389796574,user_group-1,4.438973,,{'get_tweets': 4.43874192237854}
507,22.973,1389796574,user_group-1,4.439378,,{'get_tweets': 4.439112186431885}
508,23.023,1389796574,user_group-1,4.447891,,{'get_tweets': 4.447655916213989}
509,23.063,1389796574,user_group-1,4.435675,,{'get_tweets': 4.435442209243774}
510,23.106,1389796574,user_group-1,4.437284,,{'get_tweets': 4.437052011489868}
511,23.155,1389796574,user_group-1,4.443178,,{'get_tweets': 4.442936897277832}
512,23.198,1389796574,user_group-1,4.438506,,{'get_tweets': 4.438276052474976}
513,23.245,1389796574,user_group-1,4.444987,,{'get_tweets': 4.444746971130371}
514,23.297,1389796574,user_group-1,4.453007,,{'get_tweets': 4.452771186828613}
515,23.340,1389796574,user_group-1,4.448221,,{'get_tweets': 4.447993993759155}
516,23.393,1389796575,user_group-1,4.460309,,{'get_tweets': 4.4600749015808105}
517,23.434,1389796575,user_group-1,4.451650,,{'get_tweets': 4.4514241218566895}
518,23.475,1389796575,user_group-1,4.447241,,{'get_tweets': 4.4470179080963135}
519,23.522,1389796575,user_group-1,4.452337,,{'get_tweets': 4.45210599899292}
520,23.563,1389796575,user_group-1,4.446719,,{'get_tweets': 4.44648289680481}
521,23.606,1389796575,user_group-1,4.448017,,{'get_tweets': 4.447787046432495}
522,23.653,1389796575,user_group-1,4.454025,,{'get_tweets': 4.453798055648804}
523,23.697,1389796575,user_group-1,4.430072,,{'get_tweets': 4.4297239780426025}
524,23.742,1389796575,user_group-1,4.439922,,{'get_tweets': 4.43969202041626}
525,23.787,1389796575,user_group-1,4.478961,,{'get_tweets': 4.478740930557251}
526,23.828,1389796575,user_group-1,4.472447,,{'get_tweets': 4.472222089767456}
527,23.875,1389796575,user_group-1,4.475267,,{'get_tweets': 4.4750330448150635}
528,23.919,1389796575,user_group-1,4.477907,,{'get_tweets': 4.477669954299927}
529,23.961,1389796575,user_group-1,4.469915,,{'get_tweets': 4.469688177108765}
530,24.009,1389796575,user_group-1,4.477940,,{'get_tweets': 4.477711915969849}
531,24.052,1389796575,user_group-1,4.480397,,{'get_tweets': 4.480169057846069}
532,24.096,1389796575,user_group-1,4.476518,,{'get_tweets': 4.476294994354248}
533,24.150,1389796575,user_group-1,4.488635,,{'get_tweets': 4.488402843475342}
534,24.191,1389796575,user_group-1,4.488239,,{'get_tweets': 4.487998008728027}
535,24.231,1389796575,user_group-1,4.481384,,{'get_tweets': 4.481160879135132}
536,24.240,1389796575,user_group-1,4.449886,,{'get_tweets': 4.4496588706970215}
537,24.289,1389796575,user_group-1,4.456599,,{'get_tweets': 4.456378936767578}
538,24.337,1389796575,user_group-1,4.454718,,{'get_tweets': 4.4544901847839355}
539,24.388,1389796576,user_group-1,4.464785,,{'get_tweets': 4.4645609855651855}
540,24.429,1389796576,user_group-1,4.464307,,{'get_tweets': 4.464034795761108}
541,24.470,1389796576,user_group-1,4.456575,,{'get_tweets': 4.456350088119507}
542,24.519,1389796576,user_group-1,4.463800,,{'get_tweets': 4.463572025299072}
543,24.561,1389796576,user_group-1,4.453770,,{'get_tweets': 4.453542947769165}
544,24.601,1389796576,user_group-1,4.450166,,{'get_tweets': 4.449921131134033}
545,24.645,1389796576,user_group-1,4.451775,,{'get_tweets': 4.45154595375061}
546,24.689,1389796576,user_group-1,4.455321,,{'get_tweets': 4.455081939697266}
547,24.696,1389796576,user_group-1,4.406216,,{'get_tweets': 4.405987024307251}
548,24.739,1389796576,user_group-1,4.407976,,{'get_tweets': 4.407751083374023}
549,24.789,1389796576,user_group-1,4.406279,,{'get_tweets': 4.406057119369507}
550,24.830,1389796576,user_group-1,4.406273,,{'get_tweets': 4.406044960021973}
551,24.872,1389796576,user_group-1,4.406683,,{'get_tweets': 4.406462907791138}
552,24.921,1389796576,user_group-1,4.406066,,{'get_tweets': 4.405830144882202}
553,24.962,1389796576,user_group-1,4.404612,,{'get_tweets': 4.404368877410889}
554,25.003,1389796576,user_group-1,4.403730,,{'get_tweets': 4.403496980667114}
555,25.050,1389796576,user_group-1,4.401327,,{'get_tweets': 4.4011030197143555}
556,25.093,1389796576,user_group-1,4.401890,,{'get_tweets': 4.40165901184082}
557,25.139,1389796576,user_group-1,4.399812,,{'get_tweets': 4.399584054946899}
558,25.185,1389796576,user_group-1,4.400103,,{'get_tweets': 4.399864912033081}
559,25.226,1389796576,user_group-1,4.399336,,{'get_tweets': 4.399106979370117}
560,25.270,1389796576,user_group-1,4.388963,,{'get_tweets': 4.388736009597778}
561,25.329,1389796576,user_group-1,4.406314,,{'get_tweets': 4.406076908111572}
562,25.369,1389796576,user_group-1,4.405594,,{'get_tweets': 4.405357837677002}
563,25.420,1389796577,user_group-1,4.408213,,{'get_tweets': 4.407983064651489}
564,25.461,1389796577,user_group-1,4.407342,,{'get_tweets': 4.4070680141448975}
565,25.502,1389796577,user_group-1,4.404166,,{'get_tweets': 4.403934001922607}
566,25.550,1389796577,user_group-1,4.401967,,{'get_tweets': 4.401730060577393}
567,25.593,1389796577,user_group-1,4.401625,,{'get_tweets': 4.401395082473755}
568,25.634,1389796577,user_group-1,4.396061,,{'get_tweets': 4.395824193954468}
569,25.681,1389796577,user_group-1,4.388796,,{'get_tweets': 4.388551950454712}
570,25.724,1389796577,user_group-1,4.389596,,{'get_tweets': 4.3893609046936035}
571,25.770,1389796577,user_group-1,4.383913,,{'get_tweets': 4.383677959442139}
572,25.817,1389796577,user_group-1,4.388967,,{'get_tweets': 4.388730049133301}
573,25.860,1389796577,user_group-1,4.389397,,{'get_tweets': 4.389163970947266}
574,25.912,1389796577,user_group-1,4.390546,,{'get_tweets': 4.390316009521484}
575,25.953,1389796577,user_group-1,4.391038,,{'get_tweets': 4.390798807144165}
576,25.996,1389796577,user_group-1,4.386296,,{'get_tweets': 4.386070013046265}
577,26.047,1389796577,user_group-1,4.391974,,{'get_tweets': 4.391748905181885}
578,26.087,1389796577,user_group-1,4.390594,,{'get_tweets': 4.390368938446045}
579,26.094,1389796577,user_group-1,4.352877,,{'get_tweets': 4.35263991355896}
580,26.140,1389796577,user_group-1,4.353701,,{'get_tweets': 4.3534722328186035}
581,26.149,1389796577,user_group-1,4.322055,,{'get_tweets': 4.321812868118286}
582,26.194,1389796577,user_group-1,4.314800,,{'get_tweets': 4.314563035964966}
583,26.236,1389796577,user_group-1,4.313827,,{'get_tweets': 4.313601970672607}
584,26.285,1389796577,user_group-1,4.323059,,{'get_tweets': 4.322825908660889}
585,26.335,1389796577,user_group-1,4.324635,,{'get_tweets': 4.324408054351807}
586,26.377,1389796578,user_group-1,4.322477,,{'get_tweets': 4.3222479820251465}
587,26.428,1389796578,user_group-1,4.331750,,{'get_tweets': 4.331521034240723}
588,26.470,1389796578,user_group-1,4.323244,,{'get_tweets': 4.323001146316528}
589,26.517,1389796578,user_group-1,4.327974,,{'get_tweets': 4.327744007110596}
590,26.555,1389796578,user_group-1,4.320908,,{'get_tweets': 4.320672988891602}
591,26.597,1389796578,user_group-1,4.305266,,{'get_tweets': 4.305030822753906}
592,26.637,1389796578,user_group-1,4.304533,,{'get_tweets': 4.3043060302734375}
593,26.687,1389796578,user_group-1,4.302860,,{'get_tweets': 4.30262303352356}
594,26.730,1389796578,user_group-1,4.339761,,{'get_tweets': 4.339534044265747}
595,26.776,1389796578,user_group-1,4.342667,,{'get_tweets': 4.342422008514404}
596,26.831,1389796578,user_group-1,4.355992,,{'get_tweets': 4.355768203735352}
597,26.873,1389796578,user_group-1,4.348950,,{'get_tweets': 4.348716974258423}
598,26.922,1389796578,user_group-1,4.356451,,{'get_tweets': 4.356230020523071}
599,26.963,1389796578,user_group-1,4.349440,,{'get_tweets': 4.349200963973999}
600,27.005,1389796578,user_group-1,4.347861,,{'get_tweets': 4.3476269245147705}
601,27.058,1389796578,user_group-1,4.359391,,{'get_tweets': 4.359155893325806}
602,27.102,1389796578,user_group-1,4.352728,,{'get_tweets': 4.352473020553589}
603,27.143,1389796578,user_group-1,4.350564,,{'get_tweets': 4.350332975387573}
604,27.192,1389796578,user_group-1,4.356381,,{'get_tweets': 4.356137990951538}
605,27.234,1389796578,user_group-1,4.345530,,{'get_tweets': 4.345293998718262}
606,27.282,1389796578,user_group-1,4.350875,,{'get_tweets': 4.350631952285767}
607,27.328,1389796578,user_group-1,4.355067,,{'get_tweets': 4.35483717918396}
608,27.375,1389796579,user_group-1,4.352178,,{'get_tweets': 4.351938009262085}
609,27.423,1389796579,user_group-1,4.359562,,{'get_tweets': 4.359332084655762}
610,27.465,1389796579,user_group-1,4.358405,,{'get_tweets': 4.35817289352417}
611,27.507,1389796579,user_group-1,4.351584,,{'get_tweets': 4.351351022720337}
612,27.556,1389796579,user_group-1,4.358152,,{'get_tweets': 4.357915878295898}
613,27.598,1389796579,user_group-1,4.352443,,{'get_tweets': 4.352212905883789}
614,27.640,1389796579,user_group-1,4.342187,,{'get_tweets': 4.341917037963867}
615,27.691,1389796579,user_group-1,4.350775,,{'get_tweets': 4.350548982620239}
616,27.734,1389796579,user_group-1,4.340396,,{'get_tweets': 4.340131998062134}
617,27.776,1389796579,user_group-1,4.341869,,{'get_tweets': 4.3416359424591064}
618,27.835,1389796579,user_group-1,4.360253,,{'get_tweets': 4.3600218296051025}
619,27.876,1389796579,user_group-1,4.354201,,{'get_tweets': 4.353954076766968}
620,27.928,1389796579,user_group-1,4.364646,,{'get_tweets': 4.3644139766693115}
621,27.970,1389796579,user_group-1,4.363902,,{'get_tweets': 4.363670110702515}
622,28.010,1389796579,user_group-1,4.356661,,{'get_tweets': 4.356419086456299}
623,28.064,1389796579,user_group-1,4.367278,,{'get_tweets': 4.36703896522522}
624,28.105,1389796579,user_group-1,4.363262,,{'get_tweets': 4.363023996353149}
625,28.146,1389796579,user_group-1,4.358941,,{'get_tweets': 4.358688831329346}
626,28.193,1389796579,user_group-1,4.364835,,{'get_tweets': 4.364605903625488}
627,28.235,1389796579,user_group-1,4.359746,,{'get_tweets': 4.359519004821777}
628,28.277,1389796579,user_group-1,4.357293,,{'get_tweets': 4.357059001922607}
629,28.325,1389796579,user_group-1,4.364680,,{'get_tweets': 4.3644421100616455}
630,28.375,1389796580,user_group-1,4.366777,,{'get_tweets': 4.366548776626587}
631,28.427,1389796580,user_group-1,4.375005,,{'get_tweets': 4.374770879745483}
632,28.433,1389796580,user_group-1,4.337036,,{'get_tweets': 4.336809873580933}
633,28.475,1389796580,user_group-1,4.324977,,{'get_tweets': 4.324740886688232}
634,28.516,1389796580,user_group-1,4.325630,,{'get_tweets': 4.3253819942474365}
635,28.571,1389796580,user_group-1,4.339429,,{'get_tweets': 4.339199066162109}
636,28.608,1389796580,user_group-1,4.367899,,{'get_tweets': 4.367677927017212}
637,28.654,1389796580,user_group-1,4.365758,,{'get_tweets': 4.365537166595459}
638,28.701,1389796580,user_group-1,4.363648,,{'get_tweets': 4.3634021282196045}
639,28.744,1389796580,user_group-1,4.356039,,{'get_tweets': 4.355804920196533}
640,28.805,1389796580,user_group-1,4.375535,,{'get_tweets': 4.375298976898193}
641,28.848,1389796580,user_group-1,4.377840,,{'get_tweets': 4.377601146697998}
642,28.888,1389796580,user_group-1,4.369672,,{'get_tweets': 4.369430780410767}
643,28.937,1389796580,user_group-1,4.376079,,{'get_tweets': 4.375840902328491}
644,28.979,1389796580,user_group-1,4.377516,,{'get_tweets': 4.377284049987793}
645,29.021,1389796580,user_group-1,4.376009,,{'get_tweets': 4.3757829666137695}
646,29.067,1389796580,user_group-1,4.377691,,{'get_tweets': 4.3774659633636475}
647,29.109,1389796580,user_group-1,4.412847,,{'get_tweets': 4.412616968154907}
648,29.152,1389796580,user_group-1,4.412210,,{'get_tweets': 4.411983013153076}
649,29.199,1389796580,user_group-1,4.410235,,{'get_tweets': 4.409992933273315}
650,29.240,1389796580,user_group-1,4.409444,,{'get_tweets': 4.4092230796813965}
651,29.284,1389796580,user_group-1,4.412684,,{'get_tweets': 4.412438154220581}
652,29.332,1389796580,user_group-1,4.410565,,{'get_tweets': 4.410335063934326}
653,29.382,1389796581,user_group-1,4.420329,,{'get_tweets': 4.420094013214111}
654,29.426,1389796581,user_group-1,4.422892,,{'get_tweets': 4.422646999359131}
655,29.469,1389796581,user_group-1,4.418349,,{'get_tweets': 4.418117046356201}
656,29.511,1389796581,user_group-1,4.418004,,{'get_tweets': 4.417778968811035}
657,29.559,1389796581,user_group-1,4.420410,,{'get_tweets': 4.4201741218566895}
658,29.600,1389796581,user_group-1,4.415480,,{'get_tweets': 4.415250062942505}
659,29.642,1389796581,user_group-1,4.415787,,{'get_tweets': 4.415557861328125}
660,29.691,1389796581,user_group-1,4.421078,,{'get_tweets': 4.420850038528442}
661,29.734,1389796581,user_group-1,4.405384,,{'get_tweets': 4.405150890350342}
662,29.775,1389796581,user_group-1,4.405347,,{'get_tweets': 4.405076026916504}
663,29.825,1389796581,user_group-1,4.405089,,{'get_tweets': 4.404855966567993}
664,29.866,1389796581,user_group-1,4.404739,,{'get_tweets': 4.404471158981323}
665,29.907,1389796581,user_group-1,4.405227,,{'get_tweets': 4.404999017715454}
666,29.957,1389796581,user_group-1,4.406290,,{'get_tweets': 4.406060218811035}
667,29.999,1389796581,user_group-1,4.406010,,{'get_tweets': 4.405781984329224}
668,30.042,1389796581,user_group-1,4.407857,,{'get_tweets': 4.407625913619995}
669,30.090,1389796581,user_group-1,4.408591,,{'get_tweets': 4.408311128616333}
670,30.130,1389796581,user_group-1,4.406170,,{'get_tweets': 4.405935049057007}
671,30.177,1389796581,user_group-1,4.406739,,{'get_tweets': 4.4064741134643555}
672,30.221,1389796581,user_group-1,4.403673,,{'get_tweets': 4.40342903137207}
673,30.264,1389796581,user_group-1,4.403773,,{'get_tweets': 4.40353798866272}
674,30.314,1389796581,user_group-1,4.402006,,{'get_tweets': 4.401761054992676}
675,30.355,1389796581,user_group-1,4.401752,,{'get_tweets': 4.401515960693359}
676,30.404,1389796582,user_group-1,4.407503,,{'get_tweets': 4.407262086868286}
677,30.455,1389796582,user_group-1,4.407788,,{'get_tweets': 4.407557964324951}
678,30.496,1389796582,user_group-1,4.408285,,{'get_tweets': 4.408050060272217}
679,30.537,1389796582,user_group-1,4.443014,,{'get_tweets': 4.442782878875732}
680,30.587,1389796582,user_group-1,4.447112,,{'get_tweets': 4.446878910064697}
681,30.627,1389796582,user_group-1,4.478542,,{'get_tweets': 4.478311061859131}
682,30.673,1389796582,user_group-1,4.478810,,{'get_tweets': 4.47857403755188}
683,30.718,1389796582,user_group-1,4.481575,,{'get_tweets': 4.481344938278198}
684,30.760,1389796582,user_group-1,4.474764,,{'get_tweets': 4.474502086639404}
685,30.809,1389796582,user_group-1,4.473822,,{'get_tweets': 4.473578929901123}
686,30.852,1389796582,user_group-1,4.475222,,{'get_tweets': 4.474990129470825}
687,30.893,1389796582,user_group-1,4.465347,,{'get_tweets': 4.465100049972534}
688,30.945,1389796582,user_group-1,4.474924,,{'get_tweets': 4.474691867828369}
689,30.986,1389796582,user_group-1,4.468926,,{'get_tweets': 4.468683958053589}
690,31.028,1389796582,user_group-1,4.472114,,{'get_tweets': 4.471885919570923}
691,31.077,1389796582,user_group-1,4.480226,,{'get_tweets': 4.479992866516113}
692,31.118,1389796582,user_group-1,4.480460,,{'get_tweets': 4.480190992355347}
693,31.160,1389796582,user_group-1,4.473793,,{'get_tweets': 4.473545074462891}
694,31.209,1389796582,user_group-1,4.478180,,{'get_tweets': 4.4779438972473145}
695,31.250,1389796582,user_group-1,4.473676,,{'get_tweets': 4.473407030105591}
696,31.293,1389796582,user_group-1,4.462328,,{'get_tweets': 4.462088108062744}
697,31.344,1389796582,user_group-1,4.470352,,{'get_tweets': 4.47010612487793}
698,31.393,1389796583,user_group-1,4.470930,,{'get_tweets': 4.4706950187683105}
699,31.442,1389796583,user_group-1,4.478604,,{'get_tweets': 4.4783711433410645}
700,31.483,1389796583,user_group-1,4.477864,,{'get_tweets': 4.47763204574585}
701,31.525,1389796583,user_group-1,4.466431,,{'get_tweets': 4.466196060180664}
702,31.575,1389796583,user_group-1,4.473153,,{'get_tweets': 4.47291111946106}
703,31.616,1389796583,user_group-1,4.472485,,{'get_tweets': 4.47224497795105}
704,31.658,1389796583,user_group-1,4.466055,,{'get_tweets': 4.46582293510437}
705,31.707,1389796583,user_group-1,4.472251,,{'get_tweets': 4.472015142440796}
706,31.749,1389796583,user_group-1,4.466918,,{'get_tweets': 4.466686964035034}
707,31.791,1389796583,user_group-1,4.462737,,{'get_tweets': 4.4625020027160645}
708,31.838,1389796583,user_group-1,4.462437,,{'get_tweets': 4.462192058563232}
709,31.878,1389796583,user_group-1,4.455149,,{'get_tweets': 4.454921007156372}
710,31.928,1389796583,user_group-1,4.462749,,{'get_tweets': 4.462517023086548}
711,31.971,1389796583,user_group-1,4.464392,,{'get_tweets': 4.46415901184082}
712,32.012,1389796583,user_group-1,4.455313,,{'get_tweets': 4.455065965652466}
713,32.062,1389796583,user_group-1,4.463383,,{'get_tweets': 4.463147878646851}
714,32.103,1389796583,user_group-1,4.463316,,{'get_tweets': 4.463077068328857}
715,32.144,1389796583,user_group-1,4.452769,,{'get_tweets': 4.452525854110718}
716,32.194,1389796583,user_group-1,4.460338,,{'get_tweets': 4.4601030349731445}
717,32.200,1389796583,user_group-1,4.424326,,{'get_tweets': 4.424055099487305}
718,32.243,1389796583,user_group-1,4.407972,,{'get_tweets': 4.407746076583862}
719,32.286,1389796583,user_group-1,4.409441,,{'get_tweets': 4.409214019775391}
720,32.336,1389796583,user_group-1,4.407355,,{'get_tweets': 4.407109975814819}
721,32.378,1389796584,user_group-1,4.407709,,{'get_tweets': 4.4074790477752686}
722,32.432,1389796584,user_group-1,4.421437,,{'get_tweets': 4.421202898025513}
723,32.476,1389796584,user_group-1,4.411641,,{'get_tweets': 4.411404132843018}
724,32.516,1389796584,user_group-1,4.411227,,{'get_tweets': 4.4109930992126465}
725,32.569,1389796584,user_group-1,4.422623,,{'get_tweets': 4.422389030456543}
726,32.610,1389796584,user_group-1,4.416320,,{'get_tweets': 4.416043043136597}
727,32.651,1389796584,user_group-1,4.416024,,{'get_tweets': 4.415798187255859}
728,32.696,1389796584,user_group-1,4.419156,,{'get_tweets': 4.418916940689087}
729,32.740,1389796584,user_group-1,4.414185,,{'get_tweets': 4.413949012756348}
730,32.782,1389796584,user_group-1,4.406531,,{'get_tweets': 4.4063029289245605}
731,32.832,1389796584,user_group-1,4.405197,,{'get_tweets': 4.404973030090332}
732,32.877,1389796584,user_group-1,4.443201,,{'get_tweets': 4.442963123321533}
733,32.919,1389796584,user_group-1,4.444292,,{'get_tweets': 4.444056034088135}
734,32.967,1389796584,user_group-1,4.450586,,{'get_tweets': 4.450354099273682}
735,33.009,1389796584,user_group-1,4.437898,,{'get_tweets': 4.437665939331055}
736,33.050,1389796584,user_group-1,4.441663,,{'get_tweets': 4.441426992416382}
737,33.103,1389796584,user_group-1,4.448244,,{'get_tweets': 4.4480202198028564}
738,33.109,1389796584,user_group-1,4.408343,,{'get_tweets': 4.408118963241577}
739,33.151,1389796584,user_group-1,4.407145,,{'get_tweets': 4.40691614151001}
740,33.199,1389796584,user_group-1,4.393953,,{'get_tweets': 4.393681049346924}
741,33.241,1389796584,user_group-1,4.393324,,{'get_tweets': 4.39307713508606}
742,33.247,1389796584,user_group-1,4.358826,,{'get_tweets': 4.358569860458374}
743,33.289,1389796584,user_group-1,4.351601,,{'get_tweets': 4.3513569831848145}
744,33.342,1389796584,user_group-1,4.362524,,{'get_tweets': 4.362292766571045}
745,33.383,1389796585,user_group-1,4.362025,,{'get_tweets': 4.361799955368042}
746,33.434,1389796585,user_group-1,4.366221,,{'get_tweets': 4.3659751415252686}
747,33.482,1389796585,user_group-1,4.372734,,{'get_tweets': 4.372501850128174}
748,33.523,1389796585,user_group-1,4.371420,,{'get_tweets': 4.371186971664429}
749,33.530,1389796585,user_group-1,4.330524,,{'get_tweets': 4.330291032791138}
750,33.577,1389796585,user_group-1,4.336408,,{'get_tweets': 4.336174011230469}
751,33.619,1389796585,user_group-1,4.334041,,{'get_tweets': 4.333801984786987}
752,33.661,1389796585,user_group-1,4.328777,,{'get_tweets': 4.328531980514526}
753,33.711,1389796585,user_group-1,4.328531,,{'get_tweets': 4.328294038772583}
754,33.752,1389796585,user_group-1,4.325586,,{'get_tweets': 4.32535195350647}
755,33.793,1389796585,user_group-1,4.323694,,{'get_tweets': 4.323425054550171}
756,33.844,1389796585,user_group-1,4.333319,,{'get_tweets': 4.333093166351318}
757,33.887,1389796585,user_group-1,4.327062,,{'get_tweets': 4.3268091678619385}
758,33.928,1389796585,user_group-1,4.327440,,{'get_tweets': 4.327203989028931}
759,33.978,1389796585,user_group-1,4.336074,,{'get_tweets': 4.335834980010986}
760,34.018,1389796585,user_group-1,4.326962,,{'get_tweets': 4.326730012893677}
761,34.067,1389796585,user_group-1,4.333163,,{'get_tweets': 4.332926988601685}
762,34.110,1389796585,user_group-1,4.334822,,{'get_tweets': 4.334589958190918}
763,34.152,1389796585,user_group-1,4.326870,,{'get_tweets': 4.326635122299194}
764,34.199,1389796585,user_group-1,4.333655,,{'get_tweets': 4.333416938781738}
765,34.241,1389796585,user_group-1,4.333838,,{'get_tweets': 4.333600997924805}
766,34.283,1389796585,user_group-1,4.325763,,{'get_tweets': 4.3255250453948975}
767,34.334,1389796585,user_group-1,4.334741,,{'get_tweets': 4.334511041641235}
