1,0.073,1390314170,user_group-1,0.059838,,{'get_tweets': 0.05785799026489258}
2,0.167,1390314170,user_group-1,0.093128,,{'get_tweets': 0.09286212921142578}
3,0.218,1390314170,user_group-2,0.198619,,{'post_tweet': 0.10305404663085938, 'get_tweets': 0.09297800064086914}
4,0.314,1390314170,user_group-1,0.147593,,{'get_tweets': 0.14735198020935059}
5,0.532,1390314171,user_group-2,0.399074,,{'post_tweet': 0.25821685791015625, 'get_tweets': 0.1401679515838623}
6,0.573,1390314171,user_group-1,0.257995,,{'get_tweets': 0.2577328681945801}
7,0.627,1390314171,user_group-2,0.407960,,{'post_tweet': 0.2699739933013916, 'get_tweets': 0.13739895820617676}
8,0.810,1390314171,user_group-2,0.564780,,{'post_tweet': 0.3206620216369629, 'get_tweets': 0.24351191520690918}
9,0.937,1390314171,user_group-1,0.364557,,{'get_tweets': 0.3643300533294678}
10,1.139,1390314171,user_group-2,0.780810,,{'post_tweet': 0.4146149158477783, 'get_tweets': 0.3652639389038086}
11,1.185,1390314171,user_group-2,0.715430,,{'post_tweet': 0.4187941551208496, 'get_tweets': 0.29607510566711426}
12,1.339,1390314171,user_group-2,0.807316,,{'post_tweet': 0.47492504119873047, 'get_tweets': 0.3318140506744385}
13,1.449,1390314171,user_group-1,0.511672,,{'get_tweets': 0.5114471912384033}
14,1.510,1390314172,user_group-2,0.927753,,{'post_tweet': 0.5295429229736328, 'get_tweets': 0.3975670337677002}
15,1.564,1390314172,user_group-1,0.538446,,{'get_tweets': 0.5382118225097656}
16,1.688,1390314172,user_group-2,1.060500,,{'post_tweet': 0.6553239822387695, 'get_tweets': 0.4045400619506836}
17,1.757,1390314172,user_group-2,1.063391,,{'post_tweet': 0.6700010299682617, 'get_tweets': 0.39279890060424805}
18,1.957,1390314172,user_group-2,1.150865,,{'post_tweet': 0.7284669876098633, 'get_tweets': 0.4217510223388672}
19,2.068,1390314172,user_group-2,1.257371,,{'post_tweet': 0.787506103515625, 'get_tweets': 0.46933484077453613}
20,2.205,1390314172,user_group-2,1.286152,,{'post_tweet': 0.8090038299560547, 'get_tweets': 0.4765470027923584}
21,2.260,1390314172,user_group-1,0.810976,,{'get_tweets': 0.8107280731201172}
22,2.398,1390314172,user_group-1,0.834574,,{'get_tweets': 0.8342490196228027}
23,2.587,1390314173,user_group-2,1.556832,,{'post_tweet': 0.9655969142913818, 'get_tweets': 0.5906729698181152}
24,2.909,1390314173,user_group-2,1.769543,,{'post_tweet': 1.0913500785827637, 'get_tweets': 0.6776142120361328}
25,2.961,1390314173,user_group-2,1.818565,,{'post_tweet': 1.0937988758087158, 'get_tweets': 0.7242319583892822}
26,3.003,1390314173,user_group-2,1.817042,,{'post_tweet': 1.0931141376495361, 'get_tweets': 0.7233850955963135}
27,3.168,1390314173,user_group-2,1.913924,,{'post_tweet': 1.1557810306549072, 'get_tweets': 0.7575531005859375}
28,3.209,1390314173,user_group-1,1.181989,,{'get_tweets': 1.1817371845245361}
29,3.360,1390314173,user_group-2,2.019961,,{'post_tweet': 1.2499809265136719, 'get_tweets': 0.7694120407104492}
30,3.453,1390314173,user_group-2,2.086522,,{'post_tweet': 1.2972218990325928, 'get_tweets': 0.7887430191040039}
31,3.563,1390314174,user_group-1,1.302293,,{'get_tweets': 1.30206298828125}
32,3.666,1390314174,user_group-2,2.187190,,{'post_tweet': 1.3552501201629639, 'get_tweets': 0.8313808441162109}
33,3.709,1390314174,user_group-2,2.199425,,{'post_tweet': 1.3564610481262207, 'get_tweets': 0.8423600196838379}
34,3.821,1390314174,user_group-1,1.422643,,{'get_tweets': 1.4224059581756592}
35,3.915,1390314174,user_group-2,2.324273,,{'post_tweet': 1.3728880882263184, 'get_tweets': 0.9508230686187744}
36,4.081,1390314174,user_group-2,2.393775,,{'post_tweet': 1.440972089767456, 'get_tweets': 0.9522409439086914}
37,4.163,1390314174,user_group-2,2.459164,,{'post_tweet': 1.404425859451294, 'get_tweets': 1.0541610717773438}
38,4.217,1390314174,user_group-2,2.459138,,{'post_tweet': 1.4148991107940674, 'get_tweets': 1.0436580181121826}
39,4.311,1390314174,user_group-2,2.495725,,{'post_tweet': 1.4547581672668457, 'get_tweets': 1.0403289794921875}
40,4.574,1390314175,user_group-1,1.544897,,{'get_tweets': 1.544661045074463}
41,4.619,1390314175,user_group-2,2.684423,,{'post_tweet': 1.5711641311645508, 'get_tweets': 1.112666130065918}
42,4.726,1390314175,user_group-2,2.769458,,{'post_tweet': 1.624669075012207, 'get_tweets': 1.1442170143127441}
43,4.870,1390314175,user_group-1,1.660864,,{'get_tweets': 1.6606080532073975}
44,4.989,1390314175,user_group-2,2.949569,,{'post_tweet': 1.735185146331787, 'get_tweets': 1.2138080596923828}
45,5.075,1390314175,user_group-2,3.007133,,{'post_tweet': 1.7674510478973389, 'get_tweets': 1.239104986190796}
46,5.235,1390314175,user_group-2,3.082613,,{'post_tweet': 1.8243739604949951, 'get_tweets': 1.2576699256896973}
47,5.380,1390314175,user_group-2,3.175110,,{'post_tweet': 1.8701648712158203, 'get_tweets': 1.304267168045044}
48,5.451,1390314175,user_group-1,1.887915,,{'get_tweets': 1.887681007385254}
49,5.492,1390314176,user_group-2,3.222708,,{'post_tweet': 1.8745110034942627, 'get_tweets': 1.3476347923278809}
50,5.749,1390314176,user_group-2,3.367392,,{'post_tweet': 1.982151985168457, 'get_tweets': 1.384645938873291}
51,5.870,1390314176,user_group-1,2.048918,,{'get_tweets': 2.0486769676208496}
52,5.967,1390314176,user_group-2,3.472649,,{'post_tweet': 2.094763994216919, 'get_tweets': 1.3773019313812256}
53,6.126,1390314176,user_group-2,3.538876,,{'post_tweet': 2.1558821201324463, 'get_tweets': 1.3824388980865479}
54,6.171,1390314176,user_group-2,3.564953,,{'post_tweet': 2.1440670490264893, 'get_tweets': 1.4203431606292725}
55,6.226,1390314176,user_group-1,2.193568,,{'get_tweets': 2.193319082260132}
56,6.388,1390314176,user_group-2,3.670190,,{'post_tweet': 2.264103889465332, 'get_tweets': 1.405493974685669}
57,6.662,1390314177,user_group-2,3.832186,,{'post_tweet': 2.4011402130126953, 'get_tweets': 1.4303879737854004}
58,6.816,1390314177,user_group-2,3.907414,,{'post_tweet': 2.4622340202331543, 'get_tweets': 1.4446380138397217}
59,6.957,1390314177,user_group-2,4.013935,,{'post_tweet': 2.544919013977051, 'get_tweets': 1.4684419631958008}
60,7.013,1390314177,user_group-2,4.051867,,{'post_tweet': 2.5444650650024414, 'get_tweets': 1.5068130493164062}
61,7.120,1390314177,user_group-2,4.117298,,{'post_tweet': 2.5892879962921143, 'get_tweets': 1.5274438858032227}
62,7.178,1390314177,user_group-1,2.603459,,{'get_tweets': 2.6032371520996094}
63,7.368,1390314177,user_group-2,4.312805,,{'post_tweet': 2.695510149002075, 'get_tweets': 1.6166448593139648}
64,7.568,1390314178,user_group-2,4.400323,,{'post_tweet': 2.789057970046997, 'get_tweets': 1.6107280254364014}
65,7.619,1390314178,user_group-2,4.449464,,{'post_tweet': 2.797908067703247, 'get_tweets': 1.6510100364685059}
66,7.711,1390314178,user_group-1,2.840468,,{'get_tweets': 2.840240955352783}
67,7.948,1390314178,user_group-2,4.666028,,{'post_tweet': 2.91607403755188, 'get_tweets': 1.7493059635162354}
68,7.993,1390314178,user_group-1,2.959359,,{'get_tweets': 2.959129810333252}
69,8.142,1390314178,user_group-2,4.782039,,{'post_tweet': 3.0077219009399414, 'get_tweets': 1.7737770080566406}
70,8.228,1390314178,user_group-2,4.834246,,{'post_tweet': 3.0345370769500732, 'get_tweets': 1.7991178035736084}
71,8.341,1390314178,user_group-2,4.887112,,{'post_tweet': 3.06181001663208, 'get_tweets': 1.8247060775756836}
72,8.446,1390314178,user_group-2,4.938237,,{'post_tweet': 3.1191370487213135, 'get_tweets': 1.8185489177703857}
73,8.653,1390314179,user_group-1,3.202695,,{'get_tweets': 3.20247220993042}
74,8.790,1390314179,user_group-2,5.170298,,{'post_tweet': 3.2377700805664062, 'get_tweets': 1.9319379329681396}
75,8.841,1390314179,user_group-2,5.175254,,{'post_tweet': 3.2329771518707275, 'get_tweets': 1.941735029220581}
76,8.963,1390314179,user_group-2,5.253345,,{'post_tweet': 3.3022279739379883, 'get_tweets': 1.9505620002746582}
77,9.008,1390314179,user_group-2,5.276443,,{'post_tweet': 3.306259870529175, 'get_tweets': 1.9696130752563477}
78,9.209,1390314179,user_group-1,3.338671,,{'get_tweets': 3.3384439945220947}
79,9.249,1390314179,user_group-2,5.406172,,{'post_tweet': 3.325331926345825, 'get_tweets': 2.0802810192108154}
80,9.485,1390314180,user_group-2,5.569926,,{'post_tweet': 3.4629411697387695, 'get_tweets': 2.106419086456299}
81,9.528,1390314180,user_group-1,3.493601,,{'get_tweets': 3.4933531284332275}
82,9.592,1390314180,user_group-2,5.637373,,{'post_tweet': 3.514314889907837, 'get_tweets': 2.1224899291992188}
83,9.840,1390314180,user_group-1,3.613933,,{'get_tweets': 3.613659143447876}
84,9.892,1390314180,user_group-2,5.824776,,{'post_tweet': 3.6154630184173584, 'get_tweets': 2.208728075027466}
85,9.987,1390314180,user_group-2,5.905276,,{'post_tweet': 3.654707908630371, 'get_tweets': 2.2499969005584717}
86,10.149,1390314180,user_group-2,5.985322,,{'post_tweet': 3.703118085861206, 'get_tweets': 2.281597137451172}
87,10.191,1390314180,user_group-2,6.011367,,{'post_tweet': 3.664543867111206, 'get_tweets': 2.3462419509887695}
88,10.289,1390314180,user_group-2,6.071942,,{'post_tweet': 3.7058498859405518, 'get_tweets': 2.365518093109131}
89,10.497,1390314181,user_group-2,6.205237,,{'post_tweet': 3.7925150394439697, 'get_tweets': 2.4121828079223633}
90,10.541,1390314181,user_group-2,6.229194,,{'post_tweet': 3.7806179523468018, 'get_tweets': 2.4479990005493164}
91,10.702,1390314181,user_group-2,6.298968,,{'post_tweet': 3.8400979042053223, 'get_tweets': 2.4582998752593994}
92,10.984,1390314181,user_group-1,3.947805,,{'get_tweets': 3.9475409984588623}
93,11.042,1390314181,user_group-2,6.525649,,{'post_tweet': 3.9790351390838623, 'get_tweets': 2.546035051345825}
94,11.192,1390314181,user_group-1,4.013432,,{'get_tweets': 4.013199090957642}
95,11.234,1390314181,user_group-2,6.614827,,{'post_tweet': 4.0105979442596436, 'get_tweets': 2.6036739349365234}
96,11.345,1390314181,user_group-2,6.717505,,{'post_tweet': 4.05486798286438, 'get_tweets': 2.6620569229125977}
97,11.587,1390314182,user_group-2,6.860394,,{'post_tweet': 4.123240232467651, 'get_tweets': 2.736591100692749}
98,11.637,1390314182,user_group-2,6.896998,,{'post_tweet': 4.131041049957275, 'get_tweets': 2.765368938446045}
99,11.898,1390314182,user_group-2,7.044408,,{'post_tweet': 4.229801177978516, 'get_tweets': 2.814044952392578}
100,11.941,1390314182,user_group-1,4.229909,,{'get_tweets': 4.229676961898804}
101,12.049,1390314182,user_group-2,7.083034,,{'post_tweet': 4.264188051223755, 'get_tweets': 2.8182711601257324}
102,12.094,1390314182,user_group-2,7.105030,,{'post_tweet': 4.213045120239258, 'get_tweets': 2.891413927078247}
103,12.248,1390314182,user_group-1,4.254967,,{'get_tweets': 4.254729986190796}
104,12.377,1390314182,user_group-1,4.337449,,{'get_tweets': 4.337209939956665}
105,12.541,1390314183,user_group-2,7.465842,,{'post_tweet': 4.49650502204895, 'get_tweets': 2.968762159347534}
106,12.583,1390314183,user_group-2,7.504719,,{'post_tweet': 4.483979940414429, 'get_tweets': 3.020159959793091}
107,12.744,1390314183,user_group-2,7.553826,,{'post_tweet': 4.558724880218506, 'get_tweets': 2.994541883468628}
108,12.936,1390314183,user_group-2,7.701297,,{'post_tweet': 4.657296895980835, 'get_tweets': 3.043449878692627}
109,13.080,1390314183,user_group-2,7.777575,,{'post_tweet': 4.681899070739746, 'get_tweets': 3.0951220989227295}
110,13.291,1390314183,user_group-2,7.910839,,{'post_tweet': 4.768038988113403, 'get_tweets': 3.1412289142608643}
111,13.493,1390314184,user_group-2,8.078689,,{'post_tweet': 4.892235040664673, 'get_tweets': 3.1858279705047607}
112,13.535,1390314184,user_group-1,4.881758,,{'get_tweets': 4.881529092788696}
113,13.633,1390314184,user_group-2,8.140916,,{'post_tweet': 4.935070037841797, 'get_tweets': 3.205246925354004}
114,13.708,1390314184,user_group-2,8.181367,,{'post_tweet': 4.968900918960571, 'get_tweets': 3.2119009494781494}
115,13.950,1390314184,user_group-2,8.311481,,{'post_tweet': 5.059737920761108, 'get_tweets': 3.2511398792266846}
116,14.196,1390314184,user_group-1,5.155779,,{'get_tweets': 5.155538082122803}
117,14.241,1390314184,user_group-2,8.491509,,{'post_tweet': 5.180458068847656, 'get_tweets': 3.3105101585388184}
118,14.293,1390314184,user_group-2,8.542173,,{'post_tweet': 5.17972993850708, 'get_tweets': 3.3618838787078857}
119,14.423,1390314184,user_group-2,8.559362,,{'post_tweet': 5.25573205947876, 'get_tweets': 3.3030359745025635}
120,14.498,1390314185,user_group-1,5.289181,,{'get_tweets': 5.288954019546509}
121,14.666,1390314185,user_group-2,8.699181,,{'post_tweet': 5.320542097091675, 'get_tweets': 3.3780710697174072}
122,14.756,1390314185,user_group-2,8.780330,,{'post_tweet': 5.3172900676727295, 'get_tweets': 3.462506055831909}
123,14.951,1390314185,user_group-1,5.422649,,{'get_tweets': 5.422425985336304}
124,15.111,1390314185,user_group-2,9.023748,,{'post_tweet': 5.482337951660156, 'get_tweets': 3.5407819747924805}
125,15.157,1390314185,user_group-2,9.031153,,{'post_tweet': 5.4760401248931885, 'get_tweets': 3.5545458793640137}
126,15.258,1390314185,user_group-2,9.087042,,{'post_tweet': 5.53355598449707, 'get_tweets': 3.552938222885132}
127,15.312,1390314185,user_group-2,9.112365,,{'post_tweet': 5.52508807182312, 'get_tweets': 3.5867090225219727}
128,15.564,1390314186,user_group-1,5.724704,,{'get_tweets': 5.72448205947876}
129,15.712,1390314186,user_group-2,9.400490,,{'post_tweet': 5.7695090770721436, 'get_tweets': 3.630396842956543}
130,15.858,1390314186,user_group-2,9.470381,,{'post_tweet': 5.819502830505371, 'get_tweets': 3.650333881378174}
131,15.959,1390314186,user_group-2,9.534382,,{'post_tweet': 5.864094972610474, 'get_tweets': 3.669651985168457}
132,16.090,1390314186,user_group-2,9.553510,,{'post_tweet': 5.856689929962158, 'get_tweets': 3.696244955062866}
133,16.197,1390314186,user_group-2,9.548013,,{'post_tweet': 5.86158299446106, 'get_tweets': 3.685853958129883}
134,16.245,1390314186,user_group-2,9.582308,,{'post_tweet': 5.790379047393799, 'get_tweets': 3.791383981704712}
135,16.437,1390314186,user_group-2,9.674984,,{'post_tweet': 5.832377910614014, 'get_tweets': 3.8420498371124268}
136,16.480,1390314186,user_group-2,9.663058,,{'post_tweet': 5.820907831192017, 'get_tweets': 3.8415639400482178}
137,16.579,1390314187,user_group-2,9.704793,,{'post_tweet': 5.834059000015259, 'get_tweets': 3.8701870441436768}
138,16.635,1390314187,user_group-2,9.678286,,{'post_tweet': 5.795158863067627, 'get_tweets': 3.882559061050415}
139,16.690,1390314187,user_group-2,9.702606,,{'post_tweet': 5.791646957397461, 'get_tweets': 3.910391092300415}
140,16.732,1390314187,user_group-2,9.718847,,{'post_tweet': 5.789947986602783, 'get_tweets': 3.9283390045166016}
141,16.784,1390314187,user_group-1,5.799785,,{'get_tweets': 5.799551010131836}
142,16.903,1390314187,user_group-2,9.803861,,{'post_tweet': 5.802016973495483, 'get_tweets': 4.001272916793823}
143,16.978,1390314187,user_group-2,9.858069,,{'post_tweet': 5.82773494720459, 'get_tweets': 4.029780149459839}
144,17.014,1390314187,user_group-1,5.822189,,{'get_tweets': 5.821939945220947}
145,17.121,1390314187,user_group-2,9.910007,,{'post_tweet': 5.829467058181763, 'get_tweets': 4.079972982406616}
146,17.204,1390314187,user_group-2,9.880067,,{'post_tweet': 5.766356945037842, 'get_tweets': 4.113109111785889}
147,17.255,1390314187,user_group-2,9.886653,,{'post_tweet': 5.773654937744141, 'get_tweets': 4.112438201904297}
148,17.306,1390314187,user_group-2,9.870741,,{'post_tweet': 5.770310878753662, 'get_tweets': 4.099870920181274}
149,17.480,1390314187,user_group-2,9.931869,,{'post_tweet': 5.799861192703247, 'get_tweets': 4.131399869918823}
150,17.534,1390314188,user_group-2,9.965750,,{'post_tweet': 5.803261041641235, 'get_tweets': 4.16187596321106}
151,17.581,1390314188,user_group-2,9.961138,,{'post_tweet': 5.787997007369995, 'get_tweets': 4.172523021697998}
152,17.624,1390314188,user_group-2,9.962738,,{'post_tweet': 5.768345832824707, 'get_tweets': 4.193814992904663}
153,17.817,1390314188,user_group-1,5.875962,,{'get_tweets': 5.8757288455963135}
154,17.865,1390314188,user_group-2,10.091206,,{'post_tweet': 5.86810302734375, 'get_tweets': 4.2225260734558105}
155,18.103,1390314188,user_group-2,10.217489,,{'post_tweet': 5.959514856338501, 'get_tweets': 4.257375955581665}
156,18.157,1390314188,user_group-2,10.208929,,{'post_tweet': 5.96199893951416, 'get_tweets': 4.246338844299316}
157,18.253,1390314188,user_group-1,6.004828,,{'get_tweets': 6.0046069622039795}
158,18.294,1390314188,user_group-2,10.296505,,{'post_tweet': 5.98868203163147, 'get_tweets': 4.307151794433594}
159,18.341,1390314188,user_group-1,5.963793,,{'get_tweets': 5.963526010513306}
160,18.577,1390314189,user_group-2,10.467148,,{'post_tweet': 5.941133975982666, 'get_tweets': 4.525435209274292}
161,18.631,1390314189,user_group-2,10.489153,,{'post_tweet': 5.941226959228516, 'get_tweets': 4.547385931015015}
162,18.753,1390314189,user_group-2,10.530486,,{'post_tweet': 5.967415809631348, 'get_tweets': 4.562500953674316}
163,18.797,1390314189,user_group-2,10.569033,,{'post_tweet': 5.946041107177734, 'get_tweets': 4.622416019439697}
164,18.939,1390314189,user_group-2,10.603771,,{'post_tweet': 5.9536449909210205, 'get_tweets': 4.649528980255127}
165,19.008,1390314189,user_group-2,10.667255,,{'post_tweet': 5.972523927688599, 'get_tweets': 4.694184064865112}
166,19.121,1390314189,user_group-2,10.674724,,{'post_tweet': 5.991505861282349, 'get_tweets': 4.682662010192871}
167,19.168,1390314189,user_group-2,10.719872,,{'post_tweet': 5.919140815734863, 'get_tweets': 4.800102949142456}
168,19.253,1390314189,user_group-2,10.691887,,{'post_tweet': 5.871996164321899, 'get_tweets': 4.8192298412323}
169,19.358,1390314189,user_group-1,5.822485,,{'get_tweets': 5.8222551345825195}
170,19.416,1390314189,user_group-2,10.743236,,{'post_tweet': 5.836960077285767, 'get_tweets': 4.905713081359863}
171,19.569,1390314190,user_group-2,10.783331,,{'post_tweet': 5.818217992782593, 'get_tweets': 4.964529037475586}
172,19.616,1390314190,user_group-2,10.825658,,{'post_tweet': 5.821485996246338, 'get_tweets': 5.003602027893066}
173,19.657,1390314190,user_group-2,10.816000,,{'post_tweet': 5.7609031200408936, 'get_tweets': 5.054524898529053}
174,19.766,1390314190,user_group-2,10.868238,,{'post_tweet': 5.770483016967773, 'get_tweets': 5.097196102142334}
175,19.819,1390314190,user_group-2,10.855921,,{'post_tweet': 5.773361921310425, 'get_tweets': 5.081951856613159}
176,19.861,1390314190,user_group-2,10.853161,,{'post_tweet': 5.761035919189453, 'get_tweets': 5.09152889251709}
177,19.908,1390314190,user_group-2,10.897939,,{'post_tweet': 5.753055095672607, 'get_tweets': 5.144289016723633}
178,20.095,1390314190,user_group-1,5.899337,,{'get_tweets': 5.89907693862915}
179,20.347,1390314190,user_group-2,11.224124,,{'post_tweet': 5.98901104927063, 'get_tweets': 5.234513998031616}
180,20.551,1390314191,user_group-1,6.052411,,{'get_tweets': 6.052181005477905}
181,20.594,1390314191,user_group-2,11.358875,,{'post_tweet': 6.036300897598267, 'get_tweets': 5.321997165679932}
182,20.646,1390314191,user_group-2,11.397045,,{'post_tweet': 6.0349719524383545, 'get_tweets': 5.361500978469849}
183,20.778,1390314191,user_group-2,11.431121,,{'post_tweet': 6.069457054138184, 'get_tweets': 5.361079931259155}
184,20.873,1390314191,user_group-2,11.413528,,{'post_tweet': 6.054553031921387, 'get_tweets': 5.358419895172119}
185,20.956,1390314191,user_group-2,11.469989,,{'post_tweet': 6.046458959579468, 'get_tweets': 5.422957181930542}
186,21.010,1390314191,user_group-1,6.058426,,{'get_tweets': 6.058186054229736}
187,21.066,1390314191,user_group-2,11.493539,,{'post_tweet': 6.056429862976074, 'get_tweets': 5.436512231826782}
188,21.126,1390314191,user_group-2,11.533502,,{'post_tweet': 6.0592639446258545, 'get_tweets': 5.473621129989624}
189,21.267,1390314191,user_group-2,11.582149,,{'post_tweet': 6.0609259605407715, 'get_tweets': 5.520610094070435}
190,21.428,1390314191,user_group-2,11.631742,,{'post_tweet': 6.0406248569488525, 'get_tweets': 5.590492010116577}
191,21.509,1390314192,user_group-1,5.944188,,{'get_tweets': 5.9439170360565186}
192,21.565,1390314192,user_group-2,11.672623,,{'post_tweet': 5.957868814468384, 'get_tweets': 5.714186906814575}
193,21.617,1390314192,user_group-2,11.708223,,{'post_tweet': 5.967249870300293, 'get_tweets': 5.740416049957275}
194,21.700,1390314192,user_group-2,11.713020,,{'post_tweet': 5.9337849617004395, 'get_tweets': 5.778692960739136}
195,21.758,1390314192,user_group-2,11.737042,,{'post_tweet': 5.950229167938232, 'get_tweets': 5.7862560749053955}
196,21.913,1390314192,user_group-2,11.764663,,{'post_tweet': 5.908847093582153, 'get_tweets': 5.855255842208862}
197,21.969,1390314192,user_group-2,11.778431,,{'post_tweet': 5.92180609703064, 'get_tweets': 5.856076955795288}
198,22.144,1390314192,user_group-2,11.854915,,{'post_tweet': 6.00062894821167, 'get_tweets': 5.853718996047974}
199,22.291,1390314192,user_group-2,11.793649,,{'post_tweet': 6.003516912460327, 'get_tweets': 5.789574861526489}
200,22.334,1390314192,user_group-2,11.793289,,{'post_tweet': 5.984103202819824, 'get_tweets': 5.80859899520874}
201,22.595,1390314193,user_group-2,11.892039,,{'post_tweet': 6.072489023208618, 'get_tweets': 5.818981885910034}
202,22.922,1390314193,user_group-1,6.137507,,{'get_tweets': 6.1372740268707275}
203,22.973,1390314193,user_group-2,11.931408,,{'post_tweet': 6.133690118789673, 'get_tweets': 5.797152042388916}
204,23.146,1390314193,user_group-1,6.132208,,{'get_tweets': 6.131978988647461}
205,23.295,1390314193,user_group-2,12.061222,,{'post_tweet': 6.224981069564819, 'get_tweets': 5.835675001144409}
206,23.403,1390314193,user_group-2,12.057533,,{'post_tweet': 6.239526033401489, 'get_tweets': 5.81740403175354}
207,23.658,1390314194,user_group-2,12.071389,,{'post_tweet': 6.297851085662842, 'get_tweets': 5.772972106933594}
208,23.741,1390314194,user_group-2,12.103545,,{'post_tweet': 6.310786008834839, 'get_tweets': 5.792194843292236}
209,24.004,1390314194,user_group-2,12.105457,,{'post_tweet': 6.227726936340332, 'get_tweets': 5.877133846282959}
210,24.064,1390314194,user_group-1,6.247037,,{'get_tweets': 6.2467920780181885}
211,24.233,1390314194,user_group-2,12.183838,,{'post_tweet': 6.217935085296631, 'get_tweets': 5.965364933013916}
212,24.277,1390314194,user_group-2,12.182836,,{'post_tweet': 6.218811988830566, 'get_tweets': 5.963462829589844}
213,24.425,1390314194,user_group-1,6.171831,,{'get_tweets': 6.171581029891968}
214,24.522,1390314195,user_group-1,6.181040,,{'get_tweets': 6.180811882019043}
215,24.612,1390314195,user_group-2,12.070800,,{'post_tweet': 6.208715915679932, 'get_tweets': 5.861511945724487}
216,24.671,1390314195,user_group-2,12.088358,,{'post_tweet': 6.136215925216675, 'get_tweets': 5.951590061187744}
217,24.835,1390314195,user_group-2,12.091243,,{'post_tweet': 6.123857021331787, 'get_tweets': 5.96683406829834}
218,24.978,1390314195,user_group-2,12.041515,,{'post_tweet': 6.130137920379639, 'get_tweets': 5.910776138305664}
219,25.146,1390314195,user_group-2,12.065579,,{'post_tweet': 6.0834431648254395, 'get_tweets': 5.981564998626709}
220,25.366,1390314195,user_group-2,12.074603,,{'post_tweet': 6.15529203414917, 'get_tweets': 5.9187469482421875}
221,25.542,1390314196,user_group-2,12.048450,,{'post_tweet': 6.233305931091309, 'get_tweets': 5.814563989639282}
222,25.610,1390314196,user_group-1,6.251820,,{'get_tweets': 6.2515881061553955}
223,25.710,1390314196,user_group-2,12.076783,,{'post_tweet': 6.250607967376709, 'get_tweets': 5.8256261348724365}
224,25.765,1390314196,user_group-2,12.056098,,{'post_tweet': 6.250609874725342, 'get_tweets': 5.804883003234863}
225,25.958,1390314196,user_group-2,12.007658,,{'post_tweet': 6.244129180908203, 'get_tweets': 5.762969017028809}
226,26.303,1390314196,user_group-1,6.207602,,{'get_tweets': 6.20735502243042}
227,26.353,1390314196,user_group-2,12.112632,,{'post_tweet': 6.089012145996094, 'get_tweets': 6.02302098274231}
228,26.399,1390314196,user_group-2,12.105327,,{'post_tweet': 6.093302011489868, 'get_tweets': 6.0114850997924805}
229,26.504,1390314197,user_group-2,12.080880,,{'post_tweet': 6.09431004524231, 'get_tweets': 5.985995054244995}
230,26.547,1390314197,user_group-1,5.996577,,{'get_tweets': 5.996335983276367}
231,26.770,1390314197,user_group-2,12.103404,,{'post_tweet': 6.031819105148315, 'get_tweets': 6.071017026901245}
232,26.881,1390314197,user_group-2,12.124878,,{'post_tweet': 6.055768013000488, 'get_tweets': 6.068566799163818}
233,27.016,1390314197,user_group-1,6.006044,,{'get_tweets': 6.005820035934448}
234,27.224,1390314197,user_group-2,12.112199,,{'post_tweet': 6.049360990524292, 'get_tweets': 6.062282085418701}
235,27.283,1390314197,user_group-2,12.125775,,{'post_tweet': 6.066096067428589, 'get_tweets': 6.059051990509033}
236,27.382,1390314197,user_group-2,12.124000,,{'post_tweet': 6.05974006652832, 'get_tweets': 6.063714027404785}
237,27.424,1390314197,user_group-2,12.111834,,{'post_tweet': 6.043744087219238, 'get_tweets': 6.067490816116333}
238,27.534,1390314198,user_group-1,6.025057,,{'get_tweets': 6.024821043014526}
239,27.723,1390314198,user_group-2,12.010604,,{'post_tweet': 6.0640740394592285, 'get_tweets': 5.945981025695801}
240,27.876,1390314198,user_group-2,12.016928,,{'post_tweet': 6.061730861663818, 'get_tweets': 5.954622030258179}
241,27.924,1390314198,user_group-2,11.965011,,{'post_tweet': 6.059264183044434, 'get_tweets': 5.905180931091309}
242,28.170,1390314198,user_group-2,12.080006,,{'post_tweet': 6.075088977813721, 'get_tweets': 6.0043439865112305}
243,28.323,1390314198,user_group-2,12.125684,,{'post_tweet': 6.132683992385864, 'get_tweets': 5.992427110671997}
244,28.365,1390314198,user_group-2,12.120463,,{'post_tweet': 6.121061086654663, 'get_tweets': 5.998816013336182}
245,28.541,1390314199,user_group-2,12.103835,,{'post_tweet': 6.165510892868042, 'get_tweets': 5.937763929367065}
246,28.583,1390314199,user_group-2,12.103055,,{'post_tweet': 6.055329084396362, 'get_tweets': 6.047147035598755}
247,28.749,1390314199,user_group-2,12.169784,,{'post_tweet': 6.085988998413086, 'get_tweets': 6.0832200050354}
248,28.788,1390314199,user_group-2,12.152861,,{'post_tweet': 6.00898814201355, 'get_tweets': 6.143344163894653}
249,28.839,1390314199,user_group-2,12.149085,,{'post_tweet': 6.017876148223877, 'get_tweets': 6.13063383102417}
250,28.900,1390314199,user_group-2,12.168540,,{'post_tweet': 6.031612873077393, 'get_tweets': 6.136335849761963}
251,28.949,1390314199,user_group-1,6.026969,,{'get_tweets': 6.026746988296509}
252,29.037,1390314199,user_group-2,12.133105,,{'post_tweet': 6.020435094833374, 'get_tweets': 6.112144947052002}
253,29.091,1390314199,user_group-2,12.112784,,{'post_tweet': 5.996317148208618, 'get_tweets': 6.115828037261963}
254,29.176,1390314199,user_group-1,6.029722,,{'get_tweets': 6.029479026794434}
255,29.307,1390314199,user_group-2,12.185924,,{'post_tweet': 5.962804079055786, 'get_tweets': 6.222551107406616}
256,29.401,1390314199,user_group-2,12.197238,,{'post_tweet': 5.923825025558472, 'get_tweets': 6.2728259563446045}
257,29.441,1390314199,user_group-2,12.185299,,{'post_tweet': 5.922139883041382, 'get_tweets': 6.262588977813721}
258,29.482,1390314199,user_group-2,12.175213,,{'post_tweet': 5.879489898681641, 'get_tweets': 6.2951819896698}
259,29.632,1390314200,user_group-2,12.151888,,{'post_tweet': 5.840183973312378, 'get_tweets': 6.31116795539856}
260,29.696,1390314200,user_group-2,12.161225,,{'post_tweet': 5.848959922790527, 'get_tweets': 6.311722040176392}
261,29.749,1390314200,user_group-2,12.168650,,{'post_tweet': 5.8481831550598145, 'get_tweets': 6.319880962371826}
262,29.802,1390314200,user_group-2,12.178770,,{'post_tweet': 5.84542989730835, 'get_tweets': 6.332763910293579}
263,29.889,1390314200,user_group-1,5.824404,,{'get_tweets': 5.824131011962891}
264,29.949,1390314200,user_group-2,12.084022,,{'post_tweet': 5.773828029632568, 'get_tweets': 6.309621095657349}
265,30.093,1390314200,user_group-2,11.989776,,{'post_tweet': 5.763216018676758, 'get_tweets': 6.2259650230407715}
266,30.143,1390314200,user_group-2,11.985574,,{'post_tweet': 5.758912086486816, 'get_tweets': 6.226090908050537}
267,30.285,1390314200,user_group-1,5.859957,,{'get_tweets': 5.859714031219482}
268,30.326,1390314200,user_group-2,12.031583,,{'post_tweet': 5.858945846557617, 'get_tweets': 6.172077894210815}
269,30.377,1390314200,user_group-1,5.854936,,{'get_tweets': 5.854701995849609}
270,30.540,1390314201,user_group-2,11.962015,,{'post_tweet': 5.821866035461426, 'get_tweets': 6.139585971832275}
271,30.587,1390314201,user_group-2,11.956214,,{'post_tweet': 5.80358099937439, 'get_tweets': 6.152076959609985}
272,30.717,1390314201,user_group-2,11.963070,,{'post_tweet': 5.838491916656494, 'get_tweets': 6.1239659786224365}
273,30.754,1390314201,user_group-2,11.957192,,{'post_tweet': 5.83542799949646, 'get_tweets': 6.121214866638184}
274,30.855,1390314201,user_group-2,11.915248,,{'post_tweet': 5.8223960399627686, 'get_tweets': 6.092285871505737}
275,30.905,1390314201,user_group-2,11.896390,,{'post_tweet': 5.808554172515869, 'get_tweets': 6.087261915206909}
276,30.997,1390314201,user_group-2,11.876218,,{'post_tweet': 5.776773929595947, 'get_tweets': 6.098891019821167}
277,31.047,1390314201,user_group-2,11.878180,,{'post_tweet': 5.722849130630493, 'get_tweets': 6.154737949371338}
278,31.146,1390314201,user_group-2,11.892599,,{'post_tweet': 5.736965894699097, 'get_tweets': 6.155030012130737}
279,31.293,1390314201,user_group-1,5.682479,,{'get_tweets': 5.6822509765625}
280,31.343,1390314201,user_group-2,11.926282,,{'post_tweet': 5.6830480098724365, 'get_tweets': 6.242672920227051}
281,31.483,1390314201,user_group-2,11.914419,,{'post_tweet': 5.667990207672119, 'get_tweets': 6.245875835418701}
282,31.534,1390314202,user_group-2,11.918431,,{'post_tweet': 5.675786972045898, 'get_tweets': 6.242066860198975}
283,31.585,1390314202,user_group-2,11.927295,,{'post_tweet': 5.6746320724487305, 'get_tweets': 6.252113103866577}
284,31.676,1390314202,user_group-2,11.910437,,{'post_tweet': 5.670593023300171, 'get_tweets': 6.239286184310913}
285,31.746,1390314202,user_group-2,11.927367,,{'post_tweet': 5.6980509757995605, 'get_tweets': 6.228734970092773}
286,31.786,1390314202,user_group-2,11.924840,,{'post_tweet': 5.681478977203369, 'get_tweets': 6.242775917053223}
287,31.829,1390314202,user_group-2,11.920264,,{'post_tweet': 5.5680999755859375, 'get_tweets': 6.350896835327148}
288,31.864,1390314202,user_group-1,5.560414,,{'get_tweets': 5.560180187225342}
289,32.004,1390314202,user_group-2,11.656494,,{'post_tweet': 5.542054891586304, 'get_tweets': 6.11385703086853}
290,32.118,1390314202,user_group-1,5.570772,,{'get_tweets': 5.57053804397583}
291,32.162,1390314202,user_group-2,11.568339,,{'post_tweet': 5.528066158294678, 'get_tweets': 6.039685964584351}
292,32.236,1390314202,user_group-2,11.588993,,{'post_tweet': 5.509981155395508, 'get_tweets': 6.078455924987793}
293,32.342,1390314202,user_group-2,11.564466,,{'post_tweet': 5.516792058944702, 'get_tweets': 6.047080993652344}
294,32.429,1390314202,user_group-2,11.556193,,{'post_tweet': 5.5007429122924805, 'get_tweets': 6.054868936538696}
295,32.477,1390314202,user_group-2,11.521400,,{'post_tweet': 5.506587982177734, 'get_tweets': 6.014245986938477}
296,32.531,1390314203,user_group-1,5.514671,,{'get_tweets': 5.514432907104492}
297,32.580,1390314203,user_group-2,11.514213,,{'post_tweet': 5.50824499130249, 'get_tweets': 6.0054099559783936}
298,32.622,1390314203,user_group-2,11.496482,,{'post_tweet': 5.46147894859314, 'get_tweets': 6.034290075302124}
299,32.835,1390314203,user_group-2,11.567883,,{'post_tweet': 5.497514009475708, 'get_tweets': 6.069818019866943}
300,32.983,1390314203,user_group-2,11.554659,,{'post_tweet': 5.502792119979858, 'get_tweets': 6.051229000091553}
301,33.033,1390314203,user_group-1,5.499407,,{'get_tweets': 5.499173164367676}
302,33.086,1390314203,user_group-2,11.520670,,{'post_tweet': 5.502461910247803, 'get_tweets': 6.0176239013671875}
303,33.127,1390314203,user_group-2,11.510067,,{'post_tweet': 5.45975399017334, 'get_tweets': 6.049749851226807}
304,33.313,1390314203,user_group-2,11.612860,,{'post_tweet': 5.531426191329956, 'get_tweets': 6.0808939933776855}
305,33.357,1390314203,user_group-2,11.599343,,{'post_tweet': 5.529990911483765, 'get_tweets': 6.0687830448150635}
306,33.530,1390314204,user_group-2,11.616447,,{'post_tweet': 5.4732019901275635, 'get_tweets': 6.142652988433838}
307,33.570,1390314204,user_group-2,11.600505,,{'post_tweet': 5.471061944961548, 'get_tweets': 6.128865957260132}
308,33.669,1390314204,user_group-2,11.524705,,{'post_tweet': 5.386308908462524, 'get_tweets': 6.137814998626709}
309,33.891,1390314204,user_group-2,11.600351,,{'post_tweet': 5.471431016921997, 'get_tweets': 6.128361940383911}
310,33.941,1390314204,user_group-2,11.606659,,{'post_tweet': 5.441550970077515, 'get_tweets': 6.164530992507935}
311,34.091,1390314204,user_group-2,11.496277,,{'post_tweet': 5.406339168548584, 'get_tweets': 6.089334964752197}
312,34.387,1390314204,user_group-1,5.437765,,{'get_tweets': 5.437528848648071}
313,34.429,1390314204,user_group-2,11.455384,,{'post_tweet': 5.437186002731323, 'get_tweets': 6.017595052719116}
314,34.586,1390314205,user_group-1,5.410058,,{'get_tweets': 5.409819841384888}
315,34.632,1390314205,user_group-2,11.336618,,{'post_tweet': 5.377171039581299, 'get_tweets': 5.958867073059082}
316,34.718,1390314205,user_group-2,11.314990,,{'post_tweet': 5.357670068740845, 'get_tweets': 5.956763982772827}
317,34.973,1390314205,user_group-2,11.314767,,{'post_tweet': 5.437995910644531, 'get_tweets': 5.876222133636475}
318,35.021,1390314205,user_group-2,11.279588,,{'post_tweet': 5.4312989711761475, 'get_tweets': 5.8477489948272705}
319,35.301,1390314205,user_group-2,11.297280,,{'post_tweet': 5.454563140869141, 'get_tweets': 5.842170000076294}
320,35.388,1390314205,user_group-1,5.498862,,{'get_tweets': 5.498615980148315}
321,35.483,1390314205,user_group-2,11.249695,,{'post_tweet': 5.47921895980835, 'get_tweets': 5.7699220180511475}
322,35.537,1390314206,user_group-2,11.259247,,{'post_tweet': 5.486466884613037, 'get_tweets': 5.772164821624756}
323,35.586,1390314206,user_group-2,10.973483,,{'post_tweet': 5.154792070388794, 'get_tweets': 5.818117141723633}
324,35.625,1390314206,user_group-2,10.953056,,{'post_tweet': 5.125093936920166, 'get_tweets': 5.827391147613525}
325,35.665,1390314206,user_group-2,10.830065,,{'post_tweet': 5.023519992828369, 'get_tweets': 5.805975914001465}
326,35.718,1390314206,user_group-2,10.740309,,{'post_tweet': 4.916299819946289, 'get_tweets': 5.8234241008758545}
327,35.793,1390314206,user_group-2,10.647085,,{'post_tweet': 4.836950063705444, 'get_tweets': 5.809541940689087}
328,35.871,1390314206,user_group-2,10.505220,,{'post_tweet': 4.769140958786011, 'get_tweets': 5.735506057739258}
329,35.913,1390314206,user_group-2,10.371544,,{'post_tweet': 4.703466892242432, 'get_tweets': 5.667479038238525}
330,35.967,1390314206,user_group-2,10.257462,,{'post_tweet': 4.570605039596558, 'get_tweets': 5.686254024505615}
331,36.017,1390314206,user_group-2,10.252033,,{'post_tweet': 4.578271865844727, 'get_tweets': 5.673162937164307}
332,36.058,1390314206,user_group-2,10.099922,,{'post_tweet': 4.429105997085571, 'get_tweets': 5.670240879058838}
333,36.100,1390314206,user_group-2,9.746615,,{'post_tweet': 4.189134120941162, 'get_tweets': 5.556891918182373}
334,36.156,1390314206,user_group-2,9.756563,,{'post_tweet': 4.199429035186768, 'get_tweets': 5.556563854217529}
335,36.205,1390314206,user_group-2,9.701782,,{'post_tweet': 4.141937971115112, 'get_tweets': 5.559258937835693}
336,36.253,1390314206,user_group-2,9.482854,,{'post_tweet': 3.9595179557800293, 'get_tweets': 5.522747993469238}
337,36.315,1390314206,user_group-2,9.433500,,{'post_tweet': 3.926269054412842, 'get_tweets': 5.5066680908203125}
338,36.395,1390314206,user_group-2,9.171200,,{'post_tweet': 3.730436086654663, 'get_tweets': 5.4401891231536865}
339,36.437,1390314206,user_group-2,9.153813,,{'post_tweet': 3.6859610080718994, 'get_tweets': 5.467288970947266}
340,36.522,1390314207,user_group-2,9.139683,,{'post_tweet': 3.644244909286499, 'get_tweets': 5.494872093200684}
341,36.563,1390314207,user_group-2,9.138856,,{'post_tweet': 3.633174180984497, 'get_tweets': 5.505084037780762}
342,36.603,1390314207,user_group-2,8.880150,,{'post_tweet': 3.4244120121002197, 'get_tweets': 5.455157995223999}
343,36.656,1390314207,user_group-2,8.780776,,{'post_tweet': 3.263108015060425, 'get_tweets': 5.5170838832855225}
344,36.709,1390314207,user_group-2,8.784601,,{'post_tweet': 3.2616920471191406, 'get_tweets': 5.522301197052002}
345,36.748,1390314207,user_group-2,8.578413,,{'post_tweet': 3.1289379596710205, 'get_tweets': 5.448885202407837}
346,36.801,1390314207,user_group-2,8.478517,,{'post_tweet': 3.03330397605896, 'get_tweets': 5.444627046585083}
347,36.889,1390314207,user_group-2,8.523439,,{'post_tweet': 3.047391891479492, 'get_tweets': 5.475461959838867}
348,36.931,1390314207,user_group-2,8.389947,,{'post_tweet': 2.944674015045166, 'get_tweets': 5.444684028625488}
349,36.981,1390314207,user_group-2,8.397742,,{'post_tweet': 2.9530320167541504, 'get_tweets': 5.44413685798645}
350,37.023,1390314207,user_group-2,8.274015,,{'post_tweet': 2.87778902053833, 'get_tweets': 5.395659923553467}
351,37.064,1390314207,user_group-2,8.274993,,{'post_tweet': 2.8725550174713135, 'get_tweets': 5.401857852935791}
352,37.116,1390314207,user_group-2,8.277257,,{'post_tweet': 2.854275941848755, 'get_tweets': 5.422389030456543}
353,37.175,1390314207,user_group-2,8.274444,,{'post_tweet': 2.8396408557891846, 'get_tweets': 5.434230089187622}
354,37.223,1390314207,user_group-2,8.185930,,{'post_tweet': 2.748296022415161, 'get_tweets': 5.43707799911499}
355,37.261,1390314207,user_group-2,8.169655,,{'post_tweet': 2.7295889854431152, 'get_tweets': 5.439507961273193}
356,37.331,1390314207,user_group-2,8.023967,,{'post_tweet': 2.6562108993530273, 'get_tweets': 5.367192029953003}
357,37.418,1390314207,user_group-2,8.016971,,{'post_tweet': 2.579946994781494, 'get_tweets': 5.436463117599487}
358,37.468,1390314207,user_group-2,8.027058,,{'post_tweet': 2.5768089294433594, 'get_tweets': 5.4496870040893555}
359,37.510,1390314208,user_group-2,8.028197,,{'post_tweet': 2.5780069828033447, 'get_tweets': 5.449586868286133}
360,37.563,1390314208,user_group-2,7.930583,,{'post_tweet': 2.4866600036621094, 'get_tweets': 5.443339109420776}
361,37.614,1390314208,user_group-2,7.918613,,{'post_tweet': 2.487183094024658, 'get_tweets': 5.430868864059448}
362,37.661,1390314208,user_group-2,7.911715,,{'post_tweet': 2.4930460453033447, 'get_tweets': 5.41812801361084}
363,37.703,1390314208,user_group-2,7.900635,,{'post_tweet': 2.493131160736084, 'get_tweets': 5.406912088394165}
364,37.745,1390314208,user_group-2,7.796578,,{'post_tweet': 2.312126874923706, 'get_tweets': 5.483874082565308}
